Workbook
Name LABEL1: #REF!
Name NAME1: #REF!

Sheet Ops
B1: Jmp/Bra | C1: 1[4] | D1: 1[3:0] | F1: RegCmd | G1: 2[5:0] | I1: SelCtl1 | J1: 1[7:5] | L1: SelCtl2 | M1: 3[2:0] | O1: CtlSel3 | P1: 3[5:3] | R1: KeyMCntSel | S1: 1[3:0]
B2: JMP | C2: 1 | D2: 0000 | F2: CircX | G2: 000001 | I2: SelXReg | J2: 001 | L2: ClrXPh1 | M2: 001 | O2: SelQLQlsd | P2: 001 | R2: 0 | S2: 0000
A3: BR0 | B3: BRDecEven | C3: 1 | D3: 0000 | F3: DPAdjX | G3: 000001 | I3: LoadX9 | J3: 010 | L3: ClrYPh2 | M3: 010 | O3: SelYQYlsd | P3: 010 | R3: 1 | S3: 0001
A4: BR1 | B4: BRDigFull | C4: 1 | D4: 0001 | F4: EntNumX | G4: 000010 | I4: SelXQmsd | J4: 011 | L4: StatBitEn | M4: 011 | O4: StatBit1 | P4: 011 | R4: 2 | S4: 0010
A5: BR2 | B5: BRDigEmpty | C5: 1 | D5: 0010 | F5: LeftJustX | G5: 000010 | I5: LoadQL | J5: 100 | L5: SelXYlsd | M5: 100 | O5: SelX9Xmsd | P5: 100 | R5: 3 | S5: 0011
A6: BR3 | B6: BRDintOvrfl | C6: 1 | D6: 0011 | F6: DPAdjY | G6: 000100 | I6: SHDexpXDP | J6: 101 | L6: SelXSum | M6: 100 | O6: SelYXlsd | P6: 101 | R6: 4 | S6: 0100
A7: BR4 | B7: BRSignX | C7: 1 | D7: 0100 | F7: CopyXY | G7: 000101 | I7: Reserved1 | J7: 110 | L7: NxtPh | M7: 101 | O7: CntrIncr | P7: 110 | R7: 5 | S7: 0101
A8: BR5 | B8: BRSignY | C8: 1 | D8: 0101 | F8: ExchXY | G8: 000101 | I8: Reserved2 | J8: 111 | L8: CntrEn | M8: 110 | O8: RowHold | P8: 111 | R8: 6 | S8: 0110
A9: BR6 | B9: BRInOp2Ph | C9: 1 | D9: 0110 | F9: AddSub | G9: 000101 | I9: HWINTEN | J9: 000 | L9: SHSexpDexp | M9: 111 | O9: SelYZero | P9: 000 | R9: 7 | S9: 0111
A10: BR7 | B10: BRDPFree | C10: 1 | D10: 0111 | F10: DivXY10 | G10: 000101 | I10: SelXData | J10: 000 | L10: SelXX9 | M10: 000 | O10: SelQZero | P10: 000 | R10: 8 | S10: 1000
A11: BR8 | B11: BRQLZero | C11: 1 | D11: 1000 | F11: ShrX9X8QDiv10 | G11: 010001 | I11: SelXSumX9 | J11: 000 | L11: SelXXlsd | M11: 000 | O11: SelX9Zero | P11: 000 | R11: 9 | S11: 1001
A12: BR9 | B12: BRX9Zero | C12: 1 | D12: 1001 | F12: CopyYQ | G12: 010100 | I12: ExtraSelCtl1 | J12: 000 | L12: ExtraSelCtl1 | M12: 000 | O12: SelQLZero | P12: 000 | R12: BlankNum | S12: 1111
A13: BR10 | B13: BRDpOvrfl | C13: 1 | D13: 1010 | F13: CopyQX | G13: 100010 | I13: ExtraSelCtl2 | J13: 000 | L13: ExtraSelCtl2 | M13: 000 | O13: ExtraSelCtl3 | P13: 000 | R13: XDigCnt | S13: 0001
A14: BR11 | B14: BRNoKeyDet | C14: 1 | D14: 1011 | F14: ApendDivdn | G14: 000010 | I14: ExtraSelCtl3 | J14: 000 | R14: XDPCnt | S14: 0010
A15: BR12 | B15: BRIsNeg | C15: 1 | D15: 1100 | F15: RmLdZeroX | G15: 000010 | I15: ExtraSelCtl4 | J15: 000 | L15: ALUCmd | M15: 2[7:6] | O15: SEQ/DSKY | P15: 3[7:6] | R15: XYDexpCnt | S15: 0011
A16: BR13 | B16: BRCarryO | C16: 1 | D16: 1101 | F16: CopyQ0QL | G16: 100000 | L16: SubXY | M16: x1 | O16: HWINTEN | P16: 10 | R16: XYSexpCnt | S16: 0100
A17: BR14 | B17: BRSignXexp | C17: 1 | D17: 1110 | F17: ShrX | G17: 000001 | I17: BR* | J17: 001 | L17: CarryEn | M17: 1x | O17: KeyAck | P17: 01 | R17: X9Cnt | S17: 0101
A18: BR15 | B18: BRLoop8NZ | C18: 1 | D18: 1111 | F18: ShlX | G18: 000010 | O18: InitLP8 | P18: 01 | R18: QLCnt | S18: 0110
B19: BRSignYexp | C19: 1 | D19: 0110 | F19: CopyYX | G19: 000101 | R19: FixDP | S19: 0000
B20: BrNegExpTerm | C20: 1 | D20: 0101 | F20: ExtraCmd3 | G20: 000000 | R20: SignXexp | S20: 0001
B21: ExtraBR2 | C21: 0 | D21: 0000 | I21: ImmData asserts on Ph2 of each cycle | R21: NegExpTerm | S21: 0010
B22: ExtraBR3 | C22: 0 | D22: 0000 | I22: SelCtl1, SelCtl2, RegCmd, ALUCmd assert on Ph4 and is valid only Ph4 | R22: SignX | S22: 0011
B23: HWINTEN | C23: 0 | D23: 0000 | I23: SelCtl3, KeyAckB, HWIntEn Assert on Ph4 of each cycle | R23: SignY | S23: 0100
I24: SelCtl3 Can assert simutaneous with JMP/BR*. SelCtl1/2 cannot. | R24: SignYexp | S24: 0101
R25: AssertError | S25: 0110

Sheet ASM
A1: 7.5.3 | D1: I[5:0], I23 | F1: I[3:0] | G1: I[22] | H1: I[13:8] | I1: I[7:5] | J1: I[18:16] | K1: I[21:19] | L1: I[3:0] | M1: I[14] | N1: I[15] | O1: Logisim uROM Image | Z1: EEPROM Image
D2: 1[5:0], 3[7] | E2: 2[7:0], 3[2:0] | F2: 1[3:0] | G2: 3[6] | H2: 2[5:0] | I2: 1[7:5] | J2: 3[2:0] | K2: 3[5:3] | L2: 1[3:0] | M2: 2[6] | N2: 2[7] | O2: D[7:0] | P2: I[15:8] | Q2: I[23:16]
A3: Addr | B3: Hex | C3: Label | D3: SEQ | F3: DSKY | H3: REG | M3: AddSub | O3: 1[7:0] | P3: 2[7:0] | Q3: 3[7:0] | R3: 4 | Z3: {="#define ROMSZ "&INDEX(A5:A798,MATCH("ENDROM", C5:C798, 0),0)} -> #define ROMSZ 1983
D4: Bra | E4: Target | F4: Sel[3:0] | G4: KeyAck | H4: RegCmd | I4: SelCtl1 | J4: SelCtl2 | K4: SelCtl3 | L4: KeyMCntSel | M4: Sub_AddB | N4: CarryEn | O4: v2.0 raw | S4: Required for Logisim | Z4: ="const byte ROM[ROMSZ] PROGMEM= {" -> const byte ROM[ROMSZ] PROGMEM= {
A5: 0 | B5: =DEC2HEX(A5) -> 0 | O5: {=BIN2HEX(IF(I5<>"",VLOOKUP(I5,Ops!$I$2:'Ops'!$J$13,2,FALSE),IF(ISNUMBER(SEARCH("BR",D5)),"001","000"))&IF(D5<>"",VLOOKUP(D5,Ops!$B$2:'Ops'!$C$23,2,FALSE),"0")&_xlfn.IFS(ISNUMBER(SEARCH("BR",D5)),VLOOKUP(D5,Ops!$B$3:'Ops'!$D$22,3,FALSE),F5<>"",VLOOKUP(F5,Ops!$R$2:'Ops'!$S$11,2),L5<>"",VLOOKUP(L5,Ops!$R$2:'Ops'!$S$25,2,FALSE),TRUE,"0000"),2)} -> 00 | P5: =RIGHT(IF($E5<>"",_xlfn.XLOOKUP($E5,$C$4:$C$681,$B$4:$B$681,"NO LABEL"),BIN2HEX(IF(N5="CarryEn","1","0")&IF(M5="SubXY","1","0")&IF(H5<>"",VLOOKUP(H5,Ops!$F$2:'Ops'!$G$20,2,FALSE),"000000"),2)),2) -> 00 | Q5: {=BIN2HEX(_xlfn.IFS(D5="HWINTEN","10",G5="KeyAck","01",G5="InitLp8","01",TRUE,"00")&IF(OR(Ops!$O$2:'Ops'!$O$13=K5),VLOOKUP(K5,Ops!$O$2:'Ops'!$P$13,2,FALSE),"000")&IF(E5<>"",IF(LEN(_xlfn.XLOOKUP($E5,$C$5:$C$681,$B$5:$B$681,0))=3,HEX2BIN(LEFT(_xlfn.XLOOKUP($E5,$C$5:$C$681,$B$5:$B$681,0),1),3),IF(OR(Ops!$L$2:'Ops'!$L$11=J5),VLOOKUP(J5,Ops!$L$2:'Ops'!$M$11,2,FALSE),"000")),IF(OR(Ops!$L$2:'Ops'!$L$11=J5),VLOOKUP(J5,Ops!$L$2:'Ops'!$M$11,2,FALSE),"000")),2)} -> 00 | S5: Reset sequence | Z5: =IF(O5="", "};", "0x"&O5&",") -> 0x00, | AA5: ="0x"&P5&"," -> 0x00, | AB5: ="0x"&Q5&"," -> 0x00,
A6: =A5+3 -> 3 | B6: =DEC2HEX(A6) -> 3 | O6: {=BIN2HEX(IF(I6<>"",VLOOKUP(I6,Ops!$I$2:'Ops'!$J$13,2,FALSE),IF(ISNUMBER(SEARCH("BR",D6)),"001","000"))&IF(D6<>"",VLOOKUP(D6,Ops!$B$2:'Ops'!$C$23,2,FALSE),"0")&_xlfn.IFS(ISNUMBER(SEARCH("BR",D6)),VLOOKUP(D6,Ops!$B$3:'Ops'!$D$22,3,FALSE),F6<>"",VLOOKUP(F6,Ops!$R$2:'Ops'!$S$11,2),L6<>"",VLOOKUP(L6,Ops!$R$2:'Ops'!$S$25,2,FALSE),TRUE,"0000"),2)} -> 00 | P6: =RIGHT(IF($E6<>"",_xlfn.XLOOKUP($E6,$C$4:$C$681,$B$4:$B$681,"NO LABEL"),BIN2HEX(IF(N6="CarryEn","1","0")&IF(M6="SubXY","1","0")&IF(H6<>"",VLOOKUP(H6,Ops!$F$2:'Ops'!$G$20,2,FALSE),"000000"),2)),2) -> 00 | Q6: {=BIN2HEX(_xlfn.IFS(D6="HWINTEN","10",G6="KeyAck","01",G6="InitLp8","01",TRUE,"00")&IF(OR(Ops!$O$2:'Ops'!$O$13=K6),VLOOKUP(K6,Ops!$O$2:'Ops'!$P$13,2,FALSE),"000")&IF(E6<>"",IF(LEN(_xlfn.XLOOKUP($E6,$C$5:$C$681,$B$5:$B$681,0))=3,HEX2BIN(LEFT(_xlfn.XLOOKUP($E6,$C$5:$C$681,$B$5:$B$681,0),1),3),IF(OR(Ops!$L$2:'Ops'!$L$11=J6),VLOOKUP(J6,Ops!$L$2:'Ops'!$M$11,2,FALSE),"000")),IF(OR(Ops!$L$2:'Ops'!$L$11=J6),VLOOKUP(J6,Ops!$L$2:'Ops'!$M$11,2,FALSE),"000")),2)} -> 00 | Z6: =IF(O6="", "};", "0x"&O6&",") -> 0x00, | AA6: ="0x"&P6&"," -> 0x00, | AB6: ="0x"&Q6&"," -> 0x00,
A7: =A6+3 -> 6 | B7: =DEC2HEX(A7) -> 6 | C7: RESET | D7: JMP | E7: CLR | O7: {=BIN2HEX(IF(I7<>"",VLOOKUP(I7,Ops!$I$2:'Ops'!$J$13,2,FALSE),IF(ISNUMBER(SEARCH("BR",D7)),"001","000"))&IF(D7<>"",VLOOKUP(D7,Ops!$B$2:'Ops'!$C$23,2,FALSE),"0")&_xlfn.IFS(ISNUMBER(SEARCH("BR",D7)),VLOOKUP(D7,Ops!$B$3:'Ops'!$D$22,3,FALSE),F7<>"",VLOOKUP(F7,Ops!$R$2:'Ops'!$S$11,2),L7<>"",VLOOKUP(L7,Ops!$R$2:'Ops'!$S$25,2,FALSE),TRUE,"0000"),2)} -> 10 | P7: =RIGHT(IF($E7<>"",_xlfn.XLOOKUP($E7,$C$4:$C$681,$B$4:$B$681,"NO LABEL"),BIN2HEX(IF(N7="CarryEn","1","0")&IF(M7="SubXY","1","0")&IF(H7<>"",VLOOKUP(H7,Ops!$F$2:'Ops'!$G$20,2,FALSE),"000000"),2)),2) -> 2B | Q7: {=BIN2HEX(_xlfn.IFS(D7="HWINTEN","10",G7="KeyAck","01",G7="InitLp8","01",TRUE,"00")&IF(OR(Ops!$O$2:'Ops'!$O$13=K7),VLOOKUP(K7,Ops!$O$2:'Ops'!$P$13,2,FALSE),"000")&IF(E7<>"",IF(LEN(_xlfn.XLOOKUP($E7,$C$5:$C$681,$B$5:$B$681,0))=3,HEX2BIN(LEFT(_xlfn.XLOOKUP($E7,$C$5:$C$681,$B$5:$B$681,0),1),3),IF(OR(Ops!$L$2:'Ops'!$L$11=J7),VLOOKUP(J7,Ops!$L$2:'Ops'!$M$11,2,FALSE),"000")),IF(OR(Ops!$L$2:'Ops'!$L$11=J7),VLOOKUP(J7,Ops!$L$2:'Ops'!$M$11,2,FALSE),"000")),2)} -> 02 | Z7: =IF(O7="", "};", "0x"&O7&",") -> 0x10, | AA7: ="0x"&P7&"," -> 0x2B, | AB7: ="0x"&Q7&"," -> 0x02,
A8: =A7+3 -> 9 | B8: =DEC2HEX(A8) -> 9 | O8: {=BIN2HEX(IF(I8<>"",VLOOKUP(I8,Ops!$I$2:'Ops'!$J$13,2,FALSE),IF(ISNUMBER(SEARCH("BR",D8)),"001","000"))&IF(D8<>"",VLOOKUP(D8,Ops!$B$2:'Ops'!$C$23,2,FALSE),"0")&_xlfn.IFS(ISNUMBER(SEARCH("BR",D8)),VLOOKUP(D8,Ops!$B$3:'Ops'!$D$22,3,FALSE),F8<>"",VLOOKUP(F8,Ops!$R$2:'Ops'!$S$11,2),L8<>"",VLOOKUP(L8,Ops!$R$2:'Ops'!$S$25,2,FALSE),TRUE,"0000"),2)} -> 00 | P8: =RIGHT(IF($E8<>"",_xlfn.XLOOKUP($E8,$C$4:$C$681,$B$4:$B$681,"NO LABEL"),BIN2HEX(IF(N8="CarryEn","1","0")&IF(M8="SubXY","1","0")&IF(H8<>"",VLOOKUP(H8,Ops!$F$2:'Ops'!$G$20,2,FALSE),"000000"),2)),2) -> 00 | Q8: {=BIN2HEX(_xlfn.IFS(D8="HWINTEN","10",G8="KeyAck","01",G8="InitLp8","01",TRUE,"00")&IF(OR(Ops!$O$2:'Ops'!$O$13=K8),VLOOKUP(K8,Ops!$O$2:'Ops'!$P$13,2,FALSE),"000")&IF(E8<>"",IF(LEN(_xlfn.XLOOKUP($E8,$C$5:$C$681,$B$5:$B$681,0))=3,HEX2BIN(LEFT(_xlfn.XLOOKUP($E8,$C$5:$C$681,$B$5:$B$681,0),1),3),IF(OR(Ops!$L$2:'Ops'!$L$11=J8),VLOOKUP(J8,Ops!$L$2:'Ops'!$M$11,2,FALSE),"000")),IF(OR(Ops!$L$2:'Ops'!$L$11=J8),VLOOKUP(J8,Ops!$L$2:'Ops'!$M$11,2,FALSE),"000")),2)} -> 00 | S8: Null inst for table alignment | Z8: =IF(O8="", "};", "0x"&O8&",") -> 0x00, | AA8: ="0x"&P8&"," -> 0x00, | AB8: ="0x"&Q8&"," -> 0x00,
A9: =A8+3 -> 12 | B9: =DEC2HEX(A9) -> C | O9: {=BIN2HEX(IF(I9<>"",VLOOKUP(I9,Ops!$I$2:'Ops'!$J$13,2,FALSE),IF(ISNUMBER(SEARCH("BR",D9)),"001","000"))&IF(D9<>"",VLOOKUP(D9,Ops!$B$2:'Ops'!$C$23,2,FALSE),"0")&_xlfn.IFS(ISNUMBER(SEARCH("BR",D9)),VLOOKUP(D9,Ops!$B$3:'Ops'!$D$22,3,FALSE),F9<>"",VLOOKUP(F9,Ops!$R$2:'Ops'!$S$11,2),L9<>"",VLOOKUP(L9,Ops!$R$2:'Ops'!$S$25,2,FALSE),TRUE,"0000"),2)} -> 00 | P9: =RIGHT(IF($E9<>"",_xlfn.XLOOKUP($E9,$C$4:$C$681,$B$4:$B$681,"NO LABEL"),BIN2HEX(IF(N9="CarryEn","1","0")&IF(M9="SubXY","1","0")&IF(H9<>"",VLOOKUP(H9,Ops!$F$2:'Ops'!$G$20,2,FALSE),"000000"),2)),2) -> 00 | Q9: {=BIN2HEX(_xlfn.IFS(D9="HWINTEN","10",G9="KeyAck","01",G9="InitLp8","01",TRUE,"00")&IF(OR(Ops!$O$2:'Ops'!$O$13=K9),VLOOKUP(K9,Ops!$O$2:'Ops'!$P$13,2,FALSE),"000")&IF(E9<>"",IF(LEN(_xlfn.XLOOKUP($E9,$C$5:$C$681,$B$5:$B$681,0))=3,HEX2BIN(LEFT(_xlfn.XLOOKUP($E9,$C$5:$C$681,$B$5:$B$681,0),1),3),IF(OR(Ops!$L$2:'Ops'!$L$11=J9),VLOOKUP(J9,Ops!$L$2:'Ops'!$M$11,2,FALSE),"000")),IF(OR(Ops!$L$2:'Ops'!$L$11=J9),VLOOKUP(J9,Ops!$L$2:'Ops'!$M$11,2,FALSE),"000")),2)} -> 00 | R9: 00 | S9: Null inst for table alignment | Z9: =IF(O9="", "};", "0x"&O9&",") -> 0x00, | AA9: ="0x"&P9&"," -> 0x00, | AB9: ="0x"&Q9&"," -> 0x00, | AC9: 0x00,
A10: =A9+4 -> 16 | B10: =DEC2HEX(A10) -> 10 | D10: JMP | E10: ONE | G10: KeyAck | O10: {=BIN2HEX(IF(I10<>"",VLOOKUP(I10,Ops!$I$2:'Ops'!$J$13,2,FALSE),IF(ISNUMBER(SEARCH("BR",D10)),"001","000"))&IF(D10<>"",VLOOKUP(D10,Ops!$B$2:'Ops'!$C$23,2,FALSE),"0")&_xlfn.IFS(ISNUMBER(SEARCH("BR",D10)),VLOOKUP(D10,Ops!$B$3:'Ops'!$D$22,3,FALSE),F10<>"",VLOOKUP(F10,Ops!$R$2:'Ops'!$S$11,2),L10<>"",VLOOKUP(L10,Ops!$R$2:'Ops'!$S$25,2,FALSE),TRUE,"0000"),2)} -> 10 | P10: =RIGHT(IF($E10<>"",_xlfn.XLOOKUP($E10,$C$4:$C$681,$B$4:$B$681,"NO LABEL"),BIN2HEX(IF(N10="CarryEn","1","0")&IF(M10="SubXY","1","0")&IF(H10<>"",VLOOKUP(H10,Ops!$F$2:'Ops'!$G$20,2,FALSE),"000000"),2)),2) -> 7D | Q10: {=BIN2HEX(_xlfn.IFS(D10="HWINTEN","10",G10="KeyAck","01",G10="InitLp8","01",TRUE,"00")&IF(OR(Ops!$O$2:'Ops'!$O$13=K10),VLOOKUP(K10,Ops!$O$2:'Ops'!$P$13,2,FALSE),"000")&IF(E10<>"",IF(LEN(_xlfn.XLOOKUP($E10,$C$5:$C$681,$B$5:$B$681,0))=3,HEX2BIN(LEFT(_xlfn.XLOOKUP($E10,$C$5:$C$681,$B$5:$B$681,0),1),3),IF(OR(Ops!$L$2:'Ops'!$L$11=J10),VLOOKUP(J10,Ops!$L$2:'Ops'!$M$11,2,FALSE),"000")),IF(OR(Ops!$L$2:'Ops'!$L$11=J10),VLOOKUP(J10,Ops!$L$2:'Ops'!$M$11,2,FALSE),"000")),2)} -> 41 | R10: 00 | S10: Key stroke interrupt vector table | Z10: =IF(O10="", "};", "0x"&O10&",") -> 0x10, | AA10: ="0x"&P10&"," -> 0x7D, | AB10: ="0x"&Q10&"," -> 0x41, | AC10: 0x00,
A11: =A10+4 -> 20 | B11: =DEC2HEX(A11) -> 14 | D11: JMP | E11: FOUR | G11: KeyAck | O11: {=BIN2HEX(IF(I11<>"",VLOOKUP(I11,Ops!$I$2:'Ops'!$J$13,2,FALSE),IF(ISNUMBER(SEARCH("BR",D11)),"001","000"))&IF(D11<>"",VLOOKUP(D11,Ops!$B$2:'Ops'!$C$23,2,FALSE),"0")&_xlfn.IFS(ISNUMBER(SEARCH("BR",D11)),VLOOKUP(D11,Ops!$B$3:'Ops'!$D$22,3,FALSE),F11<>"",VLOOKUP(F11,Ops!$R$2:'Ops'!$S$11,2),L11<>"",VLOOKUP(L11,Ops!$R$2:'Ops'!$S$25,2,FALSE),TRUE,"0000"),2)} -> 10 | P11: =RIGHT(IF($E11<>"",_xlfn.XLOOKUP($E11,$C$4:$C$681,$B$4:$B$681,"NO LABEL"),BIN2HEX(IF(N11="CarryEn","1","0")&IF(M11="SubXY","1","0")&IF(H11<>"",VLOOKUP(H11,Ops!$F$2:'Ops'!$G$20,2,FALSE),"000000"),2)),2) -> 8F | Q11: {=BIN2HEX(_xlfn.IFS(D11="HWINTEN","10",G11="KeyAck","01",G11="InitLp8","01",TRUE,"00")&IF(OR(Ops!$O$2:'Ops'!$O$13=K11),VLOOKUP(K11,Ops!$O$2:'Ops'!$P$13,2,FALSE),"000")&IF(E11<>"",IF(LEN(_xlfn.XLOOKUP($E11,$C$5:$C$681,$B$5:$B$681,0))=3,HEX2BIN(LEFT(_xlfn.XLOOKUP($E11,$C$5:$C$681,$B$5:$B$681,0),1),3),IF(OR(Ops!$L$2:'Ops'!$L$11=J11),VLOOKUP(J11,Ops!$L$2:'Ops'!$M$11,2,FALSE),"000")),IF(OR(Ops!$L$2:'Ops'!$L$11=J11),VLOOKUP(J11,Ops!$L$2:'Ops'!$M$11,2,FALSE),"000")),2)} -> 41 | R11: 00 | S11: KeyAck reloads key capture reg (with 0) to Ack the Interrupt. | Z11: =IF(O11="", "};", "0x"&O11&",") -> 0x10, | AA11: ="0x"&P11&"," -> 0x8F, | AB11: ="0x"&Q11&"," -> 0x41, | AC11: 0x00,
A12: =A11+4 -> 24 | B12: =DEC2HEX(A12) -> 18 | D12: JMP | E12: SEVEN | G12: KeyAck | O12: {=BIN2HEX(IF(I12<>"",VLOOKUP(I12,Ops!$I$2:'Ops'!$J$13,2,FALSE),IF(ISNUMBER(SEARCH("BR",D12)),"001","000"))&IF(D12<>"",VLOOKUP(D12,Ops!$B$2:'Ops'!$C$23,2,FALSE),"0")&_xlfn.IFS(ISNUMBER(SEARCH("BR",D12)),VLOOKUP(D12,Ops!$B$3:'Ops'!$D$22,3,FALSE),F12<>"",VLOOKUP(F12,Ops!$R$2:'Ops'!$S$11,2),L12<>"",VLOOKUP(L12,Ops!$R$2:'Ops'!$S$25,2,FALSE),TRUE,"0000"),2)} -> 10 | P12: =RIGHT(IF($E12<>"",_xlfn.XLOOKUP($E12,$C$4:$C$681,$B$4:$B$681,"NO LABEL"),BIN2HEX(IF(N12="CarryEn","1","0")&IF(M12="SubXY","1","0")&IF(H12<>"",VLOOKUP(H12,Ops!$F$2:'Ops'!$G$20,2,FALSE),"000000"),2)),2) -> A1 | Q12: {=BIN2HEX(_xlfn.IFS(D12="HWINTEN","10",G12="KeyAck","01",G12="InitLp8","01",TRUE,"00")&IF(OR(Ops!$O$2:'Ops'!$O$13=K12),VLOOKUP(K12,Ops!$O$2:'Ops'!$P$13,2,FALSE),"000")&IF(E12<>"",IF(LEN(_xlfn.XLOOKUP($E12,$C$5:$C$681,$B$5:$B$681,0))=3,HEX2BIN(LEFT(_xlfn.XLOOKUP($E12,$C$5:$C$681,$B$5:$B$681,0),1),3),IF(OR(Ops!$L$2:'Ops'!$L$11=J12),VLOOKUP(J12,Ops!$L$2:'Ops'!$M$11,2,FALSE),"000")),IF(OR(Ops!$L$2:'Ops'!$L$11=J12),VLOOKUP(J12,Ops!$L$2:'Ops'!$M$11,2,FALSE),"000")),2)} -> 41 | R12: 00 | Z12: =IF(O12="", "};", "0x"&O12&",") -> 0x10, | AA12: ="0x"&P12&"," -> 0xA1, | AB12: ="0x"&Q12&"," -> 0x41, | AC12: 0x00,
A13: =A12+4 -> 28 | B13: =DEC2HEX(A13) -> 1C | D13: JMP | E13: ZERO | G13: KeyAck | O13: {=BIN2HEX(IF(I13<>"",VLOOKUP(I13,Ops!$I$2:'Ops'!$J$13,2,FALSE),IF(ISNUMBER(SEARCH("BR",D13)),"001","000"))&IF(D13<>"",VLOOKUP(D13,Ops!$B$2:'Ops'!$C$23,2,FALSE),"0")&_xlfn.IFS(ISNUMBER(SEARCH("BR",D13)),VLOOKUP(D13,Ops!$B$3:'Ops'!$D$22,3,FALSE),F13<>"",VLOOKUP(F13,Ops!$R$2:'Ops'!$S$11,2),L13<>"",VLOOKUP(L13,Ops!$R$2:'Ops'!$S$25,2,FALSE),TRUE,"0000"),2)} -> 10 | P13: =RIGHT(IF($E13<>"",_xlfn.XLOOKUP($E13,$C$4:$C$681,$B$4:$B$681,"NO LABEL"),BIN2HEX(IF(N13="CarryEn","1","0")&IF(M13="SubXY","1","0")&IF(H13<>"",VLOOKUP(H13,Ops!$F$2:'Ops'!$G$20,2,FALSE),"000000"),2)),2) -> 1D | Q13: {=BIN2HEX(_xlfn.IFS(D13="HWINTEN","10",G13="KeyAck","01",G13="InitLp8","01",TRUE,"00")&IF(OR(Ops!$O$2:'Ops'!$O$13=K13),VLOOKUP(K13,Ops!$O$2:'Ops'!$P$13,2,FALSE),"000")&IF(E13<>"",IF(LEN(_xlfn.XLOOKUP($E13,$C$5:$C$681,$B$5:$B$681,0))=3,HEX2BIN(LEFT(_xlfn.XLOOKUP($E13,$C$5:$C$681,$B$5:$B$681,0),1),3),IF(OR(Ops!$L$2:'Ops'!$L$11=J13),VLOOKUP(J13,Ops!$L$2:'Ops'!$M$11,2,FALSE),"000")),IF(OR(Ops!$L$2:'Ops'!$L$11=J13),VLOOKUP(J13,Ops!$L$2:'Ops'!$M$11,2,FALSE),"000")),2)} -> 41 | R13: 00 | Z13: =IF(O13="", "};", "0x"&O13&",") -> 0x10, | AA13: ="0x"&P13&"," -> 0x1D, | AB13: ="0x"&Q13&"," -> 0x41, | AC13: 0x00,
A14: =A13+4 -> 32 | B14: =DEC2HEX(A14) -> 20 | D14: JMP | E14: TWO | G14: KeyAck | O14: {=BIN2HEX(IF(I14<>"",VLOOKUP(I14,Ops!$I$2:'Ops'!$J$13,2,FALSE),IF(ISNUMBER(SEARCH("BR",D14)),"001","000"))&IF(D14<>"",VLOOKUP(D14,Ops!$B$2:'Ops'!$C$23,2,FALSE),"0")&_xlfn.IFS(ISNUMBER(SEARCH("BR",D14)),VLOOKUP(D14,Ops!$B$3:'Ops'!$D$22,3,FALSE),F14<>"",VLOOKUP(F14,Ops!$R$2:'Ops'!$S$11,2),L14<>"",VLOOKUP(L14,Ops!$R$2:'Ops'!$S$25,2,FALSE),TRUE,"0000"),2)} -> 10 | P14: =RIGHT(IF($E14<>"",_xlfn.XLOOKUP($E14,$C$4:$C$681,$B$4:$B$681,"NO LABEL"),BIN2HEX(IF(N14="CarryEn","1","0")&IF(M14="SubXY","1","0")&IF(H14<>"",VLOOKUP(H14,Ops!$F$2:'Ops'!$G$20,2,FALSE),"000000"),2)),2) -> 83 | Q14: {=BIN2HEX(_xlfn.IFS(D14="HWINTEN","10",G14="KeyAck","01",G14="InitLp8","01",TRUE,"00")&IF(OR(Ops!$O$2:'Ops'!$O$13=K14),VLOOKUP(K14,Ops!$O$2:'Ops'!$P$13,2,FALSE),"000")&IF(E14<>"",IF(LEN(_xlfn.XLOOKUP($E14,$C$5:$C$681,$B$5:$B$681,0))=3,HEX2BIN(LEFT(_xlfn.XLOOKUP($E14,$C$5:$C$681,$B$5:$B$681,0),1),3),IF(OR(Ops!$L$2:'Ops'!$L$11=J14),VLOOKUP(J14,Ops!$L$2:'Ops'!$M$11,2,FALSE),"000")),IF(OR(Ops!$L$2:'Ops'!$L$11=J14),VLOOKUP(J14,Ops!$L$2:'Ops'!$M$11,2,FALSE),"000")),2)} -> 41 | R14: 00 | Z14: =IF(O14="", "};", "0x"&O14&",") -> 0x10, | AA14: ="0x"&P14&"," -> 0x83, | AB14: ="0x"&Q14&"," -> 0x41, | AC14: 0x00,
A15: =A14+4 -> 36 | B15: =DEC2HEX(A15) -> 24 | D15: JMP | E15: FIVE | G15: KeyAck | O15: {=BIN2HEX(IF(I15<>"",VLOOKUP(I15,Ops!$I$2:'Ops'!$J$13,2,FALSE),IF(ISNUMBER(SEARCH("BR",D15)),"001","000"))&IF(D15<>"",VLOOKUP(D15,Ops!$B$2:'Ops'!$C$23,2,FALSE),"0")&_xlfn.IFS(ISNUMBER(SEARCH("BR",D15)),VLOOKUP(D15,Ops!$B$3:'Ops'!$D$22,3,FALSE),F15<>"",VLOOKUP(F15,Ops!$R$2:'Ops'!$S$11,2),L15<>"",VLOOKUP(L15,Ops!$R$2:'Ops'!$S$25,2,FALSE),TRUE,"0000"),2)} -> 10 | P15: =RIGHT(IF($E15<>"",_xlfn.XLOOKUP($E15,$C$4:$C$681,$B$4:$B$681,"NO LABEL"),BIN2HEX(IF(N15="CarryEn","1","0")&IF(M15="SubXY","1","0")&IF(H15<>"",VLOOKUP(H15,Ops!$F$2:'Ops'!$G$20,2,FALSE),"000000"),2)),2) -> 95 | Q15: {=BIN2HEX(_xlfn.IFS(D15="HWINTEN","10",G15="KeyAck","01",G15="InitLp8","01",TRUE,"00")&IF(OR(Ops!$O$2:'Ops'!$O$13=K15),VLOOKUP(K15,Ops!$O$2:'Ops'!$P$13,2,FALSE),"000")&IF(E15<>"",IF(LEN(_xlfn.XLOOKUP($E15,$C$5:$C$681,$B$5:$B$681,0))=3,HEX2BIN(LEFT(_xlfn.XLOOKUP($E15,$C$5:$C$681,$B$5:$B$681,0),1),3),IF(OR(Ops!$L$2:'Ops'!$L$11=J15),VLOOKUP(J15,Ops!$L$2:'Ops'!$M$11,2,FALSE),"000")),IF(OR(Ops!$L$2:'Ops'!$L$11=J15),VLOOKUP(J15,Ops!$L$2:'Ops'!$M$11,2,FALSE),"000")),2)} -> 41 | R15: 00 | Z15: =IF(O15="", "};", "0x"&O15&",") -> 0x10, | AA15: ="0x"&P15&"," -> 0x95, | AB15: ="0x"&Q15&"," -> 0x41, | AC15: 0x00,
A16: =A15+4 -> 40 | B16: =DEC2HEX(A16) -> 28 | D16: JMP | E16: EIGHT | G16: KeyAck | O16: {=BIN2HEX(IF(I16<>"",VLOOKUP(I16,Ops!$I$2:'Ops'!$J$13,2,FALSE),IF(ISNUMBER(SEARCH("BR",D16)),"001","000"))&IF(D16<>"",VLOOKUP(D16,Ops!$B$2:'Ops'!$C$23,2,FALSE),"0")&_xlfn.IFS(ISNUMBER(SEARCH("BR",D16)),VLOOKUP(D16,Ops!$B$3:'Ops'!$D$22,3,FALSE),F16<>"",VLOOKUP(F16,Ops!$R$2:'Ops'!$S$11,2),L16<>"",VLOOKUP(L16,Ops!$R$2:'Ops'!$S$25,2,FALSE),TRUE,"0000"),2)} -> 10 | P16: =RIGHT(IF($E16<>"",_xlfn.XLOOKUP($E16,$C$4:$C$681,$B$4:$B$681,"NO LABEL"),BIN2HEX(IF(N16="CarryEn","1","0")&IF(M16="SubXY","1","0")&IF(H16<>"",VLOOKUP(H16,Ops!$F$2:'Ops'!$G$20,2,FALSE),"000000"),2)),2) -> A7 | Q16: {=BIN2HEX(_xlfn.IFS(D16="HWINTEN","10",G16="KeyAck","01",G16="InitLp8","01",TRUE,"00")&IF(OR(Ops!$O$2:'Ops'!$O$13=K16),VLOOKUP(K16,Ops!$O$2:'Ops'!$P$13,2,FALSE),"000")&IF(E16<>"",IF(LEN(_xlfn.XLOOKUP($E16,$C$5:$C$681,$B$5:$B$681,0))=3,HEX2BIN(LEFT(_xlfn.XLOOKUP($E16,$C$5:$C$681,$B$5:$B$681,0),1),3),IF(OR(Ops!$L$2:'Ops'!$L$11=J16),VLOOKUP(J16,Ops!$L$2:'Ops'!$M$11,2,FALSE),"000")),IF(OR(Ops!$L$2:'Ops'!$L$11=J16),VLOOKUP(J16,Ops!$L$2:'Ops'!$M$11,2,FALSE),"000")),2)} -> 41 | R16: 00 | Z16: =IF(O16="", "};", "0x"&O16&",") -> 0x10, | AA16: ="0x"&P16&"," -> 0xA7, | AB16: ="0x"&Q16&"," -> 0x41, | AC16: 0x00,
A17: =A16+4 -> 44 | B17: =DEC2HEX(A17) -> 2C | D17: JMP | E17: DP | G17: KeyAck | O17: {=BIN2HEX(IF(I17<>"",VLOOKUP(I17,Ops!$I$2:'Ops'!$J$13,2,FALSE),IF(ISNUMBER(SEARCH("BR",D17)),"001","000"))&IF(D17<>"",VLOOKUP(D17,Ops!$B$2:'Ops'!$C$23,2,FALSE),"0")&_xlfn.IFS(ISNUMBER(SEARCH("BR",D17)),VLOOKUP(D17,Ops!$B$3:'Ops'!$D$22,3,FALSE),F17<>"",VLOOKUP(F17,Ops!$R$2:'Ops'!$S$11,2),L17<>"",VLOOKUP(L17,Ops!$R$2:'Ops'!$S$25,2,FALSE),TRUE,"0000"),2)} -> 10 | P17: =RIGHT(IF($E17<>"",_xlfn.XLOOKUP($E17,$C$4:$C$681,$B$4:$B$681,"NO LABEL"),BIN2HEX(IF(N17="CarryEn","1","0")&IF(M17="SubXY","1","0")&IF(H17<>"",VLOOKUP(H17,Ops!$F$2:'Ops'!$G$20,2,FALSE),"000000"),2)),2) -> 01 | Q17: {=BIN2HEX(_xlfn.IFS(D17="HWINTEN","10",G17="KeyAck","01",G17="InitLp8","01",TRUE,"00")&IF(OR(Ops!$O$2:'Ops'!$O$13=K17),VLOOKUP(K17,Ops!$O$2:'Ops'!$P$13,2,FALSE),"000")&IF(E17<>"",IF(LEN(_xlfn.XLOOKUP($E17,$C$5:$C$681,$B$5:$B$681,0))=3,HEX2BIN(LEFT(_xlfn.XLOOKUP($E17,$C$5:$C$681,$B$5:$B$681,0),1),3),IF(OR(Ops!$L$2:'Ops'!$L$11=J17),VLOOKUP(J17,Ops!$L$2:'Ops'!$M$11,2,FALSE),"000")),IF(OR(Ops!$L$2:'Ops'!$L$11=J17),VLOOKUP(J17,Ops!$L$2:'Ops'!$M$11,2,FALSE),"000")),2)} -> 42 | R17: 00 | Z17: =IF(O17="", "};", "0x"&O17&",") -> 0x10, | AA17: ="0x"&P17&"," -> 0x01, | AB17: ="0x"&Q17&"," -> 0x42, | AC17: 0x00,
A18: =A17+4 -> 48 | B18: =DEC2HEX(A18) -> 30 | D18: JMP | E18: THREE | G18: KeyAck | O18: {=BIN2HEX(IF(I18<>"",VLOOKUP(I18,Ops!$I$2:'Ops'!$J$13,2,FALSE),IF(ISNUMBER(SEARCH("BR",D18)),"001","000"))&IF(D18<>"",VLOOKUP(D18,Ops!$B$2:'Ops'!$C$23,2,FALSE),"0")&_xlfn.IFS(ISNUMBER(SEARCH("BR",D18)),VLOOKUP(D18,Ops!$B$3:'Ops'!$D$22,3,FALSE),F18<>"",VLOOKUP(F18,Ops!$R$2:'Ops'!$S$11,2),L18<>"",VLOOKUP(L18,Ops!$R$2:'Ops'!$S$25,2,FALSE),TRUE,"0000"),2)} -> 10 | P18: =RIGHT(IF($E18<>"",_xlfn.XLOOKUP($E18,$C$4:$C$681,$B$4:$B$681,"NO LABEL"),BIN2HEX(IF(N18="CarryEn","1","0")&IF(M18="SubXY","1","0")&IF(H18<>"",VLOOKUP(H18,Ops!$F$2:'Ops'!$G$20,2,FALSE),"000000"),2)),2) -> 89 | Q18: {=BIN2HEX(_xlfn.IFS(D18="HWINTEN","10",G18="KeyAck","01",G18="InitLp8","01",TRUE,"00")&IF(OR(Ops!$O$2:'Ops'!$O$13=K18),VLOOKUP(K18,Ops!$O$2:'Ops'!$P$13,2,FALSE),"000")&IF(E18<>"",IF(LEN(_xlfn.XLOOKUP($E18,$C$5:$C$681,$B$5:$B$681,0))=3,HEX2BIN(LEFT(_xlfn.XLOOKUP($E18,$C$5:$C$681,$B$5:$B$681,0),1),3),IF(OR(Ops!$L$2:'Ops'!$L$11=J18),VLOOKUP(J18,Ops!$L$2:'Ops'!$M$11,2,FALSE),"000")),IF(OR(Ops!$L$2:'Ops'!$L$11=J18),VLOOKUP(J18,Ops!$L$2:'Ops'!$M$11,2,FALSE),"000")),2)} -> 41 | R18: 00 | Z18: =IF(O18="", "};", "0x"&O18&",") -> 0x10, | AA18: ="0x"&P18&"," -> 0x89, | AB18: ="0x"&Q18&"," -> 0x41, | AC18: 0x00,
A19: =A18+4 -> 52 | B19: =DEC2HEX(A19) -> 34 | D19: JMP | E19: SIX | G19: KeyAck | O19: {=BIN2HEX(IF(I19<>"",VLOOKUP(I19,Ops!$I$2:'Ops'!$J$13,2,FALSE),IF(ISNUMBER(SEARCH("BR",D19)),"001","000"))&IF(D19<>"",VLOOKUP(D19,Ops!$B$2:'Ops'!$C$23,2,FALSE),"0")&_xlfn.IFS(ISNUMBER(SEARCH("BR",D19)),VLOOKUP(D19,Ops!$B$3:'Ops'!$D$22,3,FALSE),F19<>"",VLOOKUP(F19,Ops!$R$2:'Ops'!$S$11,2),L19<>"",VLOOKUP(L19,Ops!$R$2:'Ops'!$S$25,2,FALSE),TRUE,"0000"),2)} -> 10 | P19: =RIGHT(IF($E19<>"",_xlfn.XLOOKUP($E19,$C$4:$C$681,$B$4:$B$681,"NO LABEL"),BIN2HEX(IF(N19="CarryEn","1","0")&IF(M19="SubXY","1","0")&IF(H19<>"",VLOOKUP(H19,Ops!$F$2:'Ops'!$G$20,2,FALSE),"000000"),2)),2) -> 9B | Q19: {=BIN2HEX(_xlfn.IFS(D19="HWINTEN","10",G19="KeyAck","01",G19="InitLp8","01",TRUE,"00")&IF(OR(Ops!$O$2:'Ops'!$O$13=K19),VLOOKUP(K19,Ops!$O$2:'Ops'!$P$13,2,FALSE),"000")&IF(E19<>"",IF(LEN(_xlfn.XLOOKUP($E19,$C$5:$C$681,$B$5:$B$681,0))=3,HEX2BIN(LEFT(_xlfn.XLOOKUP($E19,$C$5:$C$681,$B$5:$B$681,0),1),3),IF(OR(Ops!$L$2:'Ops'!$L$11=J19),VLOOKUP(J19,Ops!$L$2:'Ops'!$M$11,2,FALSE),"000")),IF(OR(Ops!$L$2:'Ops'!$L$11=J19),VLOOKUP(J19,Ops!$L$2:'Ops'!$M$11,2,FALSE),"000")),2)} -> 41 | R19: 00 | Z19: =IF(O19="", "};", "0x"&O19&",") -> 0x10, | AA19: ="0x"&P19&"," -> 0x9B, | AB19: ="0x"&Q19&"," -> 0x41, | AC19: 0x00,
A20: =A19+4 -> 56 | B20: =DEC2HEX(A20) -> 38 | D20: JMP | E20: NINE | G20: KeyAck | O20: {=BIN2HEX(IF(I20<>"",VLOOKUP(I20,Ops!$I$2:'Ops'!$J$13,2,FALSE),IF(ISNUMBER(SEARCH("BR",D20)),"001","000"))&IF(D20<>"",VLOOKUP(D20,Ops!$B$2:'Ops'!$C$23,2,FALSE),"0")&_xlfn.IFS(ISNUMBER(SEARCH("BR",D20)),VLOOKUP(D20,Ops!$B$3:'Ops'!$D$22,3,FALSE),F20<>"",VLOOKUP(F20,Ops!$R$2:'Ops'!$S$11,2),L20<>"",VLOOKUP(L20,Ops!$R$2:'Ops'!$S$25,2,FALSE),TRUE,"0000"),2)} -> 10 | P20: =RIGHT(IF($E20<>"",_xlfn.XLOOKUP($E20,$C$4:$C$681,$B$4:$B$681,"NO LABEL"),BIN2HEX(IF(N20="CarryEn","1","0")&IF(M20="SubXY","1","0")&IF(H20<>"",VLOOKUP(H20,Ops!$F$2:'Ops'!$G$20,2,FALSE),"000000"),2)),2) -> AD | Q20: {=BIN2HEX(_xlfn.IFS(D20="HWINTEN","10",G20="KeyAck","01",G20="InitLp8","01",TRUE,"00")&IF(OR(Ops!$O$2:'Ops'!$O$13=K20),VLOOKUP(K20,Ops!$O$2:'Ops'!$P$13,2,FALSE),"000")&IF(E20<>"",IF(LEN(_xlfn.XLOOKUP($E20,$C$5:$C$681,$B$5:$B$681,0))=3,HEX2BIN(LEFT(_xlfn.XLOOKUP($E20,$C$5:$C$681,$B$5:$B$681,0),1),3),IF(OR(Ops!$L$2:'Ops'!$L$11=J20),VLOOKUP(J20,Ops!$L$2:'Ops'!$M$11,2,FALSE),"000")),IF(OR(Ops!$L$2:'Ops'!$L$11=J20),VLOOKUP(J20,Ops!$L$2:'Ops'!$M$11,2,FALSE),"000")),2)} -> 41 | R20: 00 | Z20: =IF(O20="", "};", "0x"&O20&",") -> 0x10, | AA20: ="0x"&P20&"," -> 0xAD, | AB20: ="0x"&Q20&"," -> 0x41, | AC20: 0x00,
A21: =A20+4 -> 60 | B21: =DEC2HEX(A21) -> 3C | D21: JMP | E21: ENTOP1 | G21: KeyAck | O21: {=BIN2HEX(IF(I21<>"",VLOOKUP(I21,Ops!$I$2:'Ops'!$J$13,2,FALSE),IF(ISNUMBER(SEARCH("BR",D21)),"001","000"))&IF(D21<>"",VLOOKUP(D21,Ops!$B$2:'Ops'!$C$23,2,FALSE),"0")&_xlfn.IFS(ISNUMBER(SEARCH("BR",D21)),VLOOKUP(D21,Ops!$B$3:'Ops'!$D$22,3,FALSE),F21<>"",VLOOKUP(F21,Ops!$R$2:'Ops'!$S$11,2),L21<>"",VLOOKUP(L21,Ops!$R$2:'Ops'!$S$25,2,FALSE),TRUE,"0000"),2)} -> 10 | P21: =RIGHT(IF($E21<>"",_xlfn.XLOOKUP($E21,$C$4:$C$681,$B$4:$B$681,"NO LABEL"),BIN2HEX(IF(N21="CarryEn","1","0")&IF(M21="SubXY","1","0")&IF(H21<>"",VLOOKUP(H21,Ops!$F$2:'Ops'!$G$20,2,FALSE),"000000"),2)),2) -> A3 | Q21: {=BIN2HEX(_xlfn.IFS(D21="HWINTEN","10",G21="KeyAck","01",G21="InitLp8","01",TRUE,"00")&IF(OR(Ops!$O$2:'Ops'!$O$13=K21),VLOOKUP(K21,Ops!$O$2:'Ops'!$P$13,2,FALSE),"000")&IF(E21<>"",IF(LEN(_xlfn.XLOOKUP($E21,$C$5:$C$681,$B$5:$B$681,0))=3,HEX2BIN(LEFT(_xlfn.XLOOKUP($E21,$C$5:$C$681,$B$5:$B$681,0),1),3),IF(OR(Ops!$L$2:'Ops'!$L$11=J21),VLOOKUP(J21,Ops!$L$2:'Ops'!$M$11,2,FALSE),"000")),IF(OR(Ops!$L$2:'Ops'!$L$11=J21),VLOOKUP(J21,Ops!$L$2:'Ops'!$M$11,2,FALSE),"000")),2)} -> 42 | R21: 00 | Z21: =IF(O21="", "};", "0x"&O21&",") -> 0x10, | AA21: ="0x"&P21&"," -> 0xA3, | AB21: ="0x"&Q21&"," -> 0x42, | AC21: 0x00,
A22: =A21+4 -> 64 | B22: =DEC2HEX(A22) -> 40 | D22: JMP | E22: PLUS | G22: KeyAck | O22: {=BIN2HEX(IF(I22<>"",VLOOKUP(I22,Ops!$I$2:'Ops'!$J$13,2,FALSE),IF(ISNUMBER(SEARCH("BR",D22)),"001","000"))&IF(D22<>"",VLOOKUP(D22,Ops!$B$2:'Ops'!$C$23,2,FALSE),"0")&_xlfn.IFS(ISNUMBER(SEARCH("BR",D22)),VLOOKUP(D22,Ops!$B$3:'Ops'!$D$22,3,FALSE),F22<>"",VLOOKUP(F22,Ops!$R$2:'Ops'!$S$11,2),L22<>"",VLOOKUP(L22,Ops!$R$2:'Ops'!$S$25,2,FALSE),TRUE,"0000"),2)} -> 10 | P22: =RIGHT(IF($E22<>"",_xlfn.XLOOKUP($E22,$C$4:$C$681,$B$4:$B$681,"NO LABEL"),BIN2HEX(IF(N22="CarryEn","1","0")&IF(M22="SubXY","1","0")&IF(H22<>"",VLOOKUP(H22,Ops!$F$2:'Ops'!$G$20,2,FALSE),"000000"),2)),2) -> 33 | Q22: {=BIN2HEX(_xlfn.IFS(D22="HWINTEN","10",G22="KeyAck","01",G22="InitLp8","01",TRUE,"00")&IF(OR(Ops!$O$2:'Ops'!$O$13=K22),VLOOKUP(K22,Ops!$O$2:'Ops'!$P$13,2,FALSE),"000")&IF(E22<>"",IF(LEN(_xlfn.XLOOKUP($E22,$C$5:$C$681,$B$5:$B$681,0))=3,HEX2BIN(LEFT(_xlfn.XLOOKUP($E22,$C$5:$C$681,$B$5:$B$681,0),1),3),IF(OR(Ops!$L$2:'Ops'!$L$11=J22),VLOOKUP(J22,Ops!$L$2:'Ops'!$M$11,2,FALSE),"000")),IF(OR(Ops!$L$2:'Ops'!$L$11=J22),VLOOKUP(J22,Ops!$L$2:'Ops'!$M$11,2,FALSE),"000")),2)} -> 43 | R22: 00 | Z22: =IF(O22="", "};", "0x"&O22&",") -> 0x10, | AA22: ="0x"&P22&"," -> 0x33, | AB22: ="0x"&Q22&"," -> 0x43, | AC22: 0x00,
A23: =A22+4 -> 68 | B23: =DEC2HEX(A23) -> 44 | D23: JMP | E23: MINUS | G23: KeyAck | O23: {=BIN2HEX(IF(I23<>"",VLOOKUP(I23,Ops!$I$2:'Ops'!$J$13,2,FALSE),IF(ISNUMBER(SEARCH("BR",D23)),"001","000"))&IF(D23<>"",VLOOKUP(D23,Ops!$B$2:'Ops'!$C$23,2,FALSE),"0")&_xlfn.IFS(ISNUMBER(SEARCH("BR",D23)),VLOOKUP(D23,Ops!$B$3:'Ops'!$D$22,3,FALSE),F23<>"",VLOOKUP(F23,Ops!$R$2:'Ops'!$S$11,2),L23<>"",VLOOKUP(L23,Ops!$R$2:'Ops'!$S$25,2,FALSE),TRUE,"0000"),2)} -> 10 | P23: =RIGHT(IF($E23<>"",_xlfn.XLOOKUP($E23,$C$4:$C$681,$B$4:$B$681,"NO LABEL"),BIN2HEX(IF(N23="CarryEn","1","0")&IF(M23="SubXY","1","0")&IF(H23<>"",VLOOKUP(H23,Ops!$F$2:'Ops'!$G$20,2,FALSE),"000000"),2)),2) -> 12 | Q23: {=BIN2HEX(_xlfn.IFS(D23="HWINTEN","10",G23="KeyAck","01",G23="InitLp8","01",TRUE,"00")&IF(OR(Ops!$O$2:'Ops'!$O$13=K23),VLOOKUP(K23,Ops!$O$2:'Ops'!$P$13,2,FALSE),"000")&IF(E23<>"",IF(LEN(_xlfn.XLOOKUP($E23,$C$5:$C$681,$B$5:$B$681,0))=3,HEX2BIN(LEFT(_xlfn.XLOOKUP($E23,$C$5:$C$681,$B$5:$B$681,0),1),3),IF(OR(Ops!$L$2:'Ops'!$L$11=J23),VLOOKUP(J23,Ops!$L$2:'Ops'!$M$11,2,FALSE),"000")),IF(OR(Ops!$L$2:'Ops'!$L$11=J23),VLOOKUP(J23,Ops!$L$2:'Ops'!$M$11,2,FALSE),"000")),2)} -> 43 | R23: 00 | Z23: =IF(O23="", "};", "0x"&O23&",") -> 0x10, | AA23: ="0x"&P23&"," -> 0x12, | AB23: ="0x"&Q23&"," -> 0x43, | AC23: 0x00,
... A27: =A26+4 -> 84 | B27: =DEC2HEX(A27) -> 54 | D27: JMP | E27: CE | G27: KeyAck | O27: {=BIN2HEX(IF(I27<>"",VLOOKUP(I27,Ops!$I$2:'Ops'!$J$13,2,FALSE),IF(ISNUMBER(SEARCH("BR",D27)),"001","000"))&IF(D27<>"",VLOOKUP(D27,Ops!$B$2:'Ops'!$C$23,2,FALSE),"0")&_xlfn.IFS(ISNUMBER(SEARCH("BR",D27)),VLOOKUP(D27,Ops!$B$3:'Ops'!$D$22,3,FALSE),F27<>"",VLOOKUP(F27,Ops!$R$2:'Ops'!$S$11,2),L27<>"",VLOOKUP(L27,Ops!$R$2:'Ops'!$S$25,2,FALSE),TRUE,"0000"),2)} -> 10 | P27: =RIGHT(IF($E27<>"",_xlfn.XLOOKUP($E27,$C$4:$C$681,$B$4:$B$681,"NO LABEL"),BIN2HEX(IF(N27="CarryEn","1","0")&IF(M27="SubXY","1","0")&IF(H27<>"",VLOOKUP(H27,Ops!$F$2:'Ops'!$G$20,2,FALSE),"000000"),2)),2) -> 3D | Q27: {=BIN2HEX(_xlfn.IFS(D27="HWINTEN","10",G27="KeyAck","01",G27="InitLp8","01",TRUE,"00")&IF(OR(Ops!$O$2:'Ops'!$O$13=K27),VLOOKUP(K27,Ops!$O$2:'Ops'!$P$13,2,FALSE),"000")&IF(E27<>"",IF(LEN(_xlfn.XLOOKUP($E27,$C$5:$C$681,$B$5:$B$681,0))=3,HEX2BIN(LEFT(_xlfn.XLOOKUP($E27,$C$5:$C$681,$B$5:$B$681,0),1),3),IF(OR(Ops!$L$2:'Ops'!$L$11=J27),VLOOKUP(J27,Ops!$L$2:'Ops'!$M$11,2,FALSE),"000")),IF(OR(Ops!$L$2:'Ops'!$L$11=J27),VLOOKUP(J27,Ops!$L$2:'Ops'!$M$11,2,FALSE),"000")),2)} -> 42 | R27: 00 | Z27: =IF(O27="", "};", "0x"&O27&",") -> 0x10, | AA27: ="0x"&P27&"," -> 0x3D, | AB27: ="0x"&Q27&"," -> 0x42, | AC27: 0x00,
A28: =A27+4 -> 88 | B28: =DEC2HEX(A28) -> 58 | C28: X2 | D28: JMP | E28: CLR | G28: KeyAck | O28: {=BIN2HEX(IF(I28<>"",VLOOKUP(I28,Ops!$I$2:'Ops'!$J$13,2,FALSE),IF(ISNUMBER(SEARCH("BR",D28)),"001","000"))&IF(D28<>"",VLOOKUP(D28,Ops!$B$2:'Ops'!$C$23,2,FALSE),"0")&_xlfn.IFS(ISNUMBER(SEARCH("BR",D28)),VLOOKUP(D28,Ops!$B$3:'Ops'!$D$22,3,FALSE),F28<>"",VLOOKUP(F28,Ops!$R$2:'Ops'!$S$11,2),L28<>"",VLOOKUP(L28,Ops!$R$2:'Ops'!$S$25,2,FALSE),TRUE,"0000"),2)} -> 10 | P28: =RIGHT(IF($E28<>"",_xlfn.XLOOKUP($E28,$C$4:$C$681,$B$4:$B$681,"NO LABEL"),BIN2HEX(IF(N28="CarryEn","1","0")&IF(M28="SubXY","1","0")&IF(H28<>"",VLOOKUP(H28,Ops!$F$2:'Ops'!$G$20,2,FALSE),"000000"),2)),2) -> 2B | Q28: {=BIN2HEX(_xlfn.IFS(D28="HWINTEN","10",G28="KeyAck","01",G28="InitLp8","01",TRUE,"00")&IF(OR(Ops!$O$2:'Ops'!$O$13=K28),VLOOKUP(K28,Ops!$O$2:'Ops'!$P$13,2,FALSE),"000")&IF(E28<>"",IF(LEN(_xlfn.XLOOKUP($E28,$C$5:$C$681,$B$5:$B$681,0))=3,HEX2BIN(LEFT(_xlfn.XLOOKUP($E28,$C$5:$C$681,$B$5:$B$681,0),1),3),IF(OR(Ops!$L$2:'Ops'!$L$11=J28),VLOOKUP(J28,Ops!$L$2:'Ops'!$M$11,2,FALSE),"000")),IF(OR(Ops!$L$2:'Ops'!$L$11=J28),VLOOKUP(J28,Ops!$L$2:'Ops'!$M$11,2,FALSE),"000")),2)} -> 42 | R28: 00 | Z28: =IF(O28="", "};", "0x"&O28&",") -> 0x10, | AA28: ="0x"&P28&"," -> 0x2B, | AB28: ="0x"&Q28&"," -> 0x42, | AC28: 0x00,
A29: =A28+4 -> 92 | B29: =DEC2HEX(A29) -> 5C | C29: X3 | D29: JMP | E29: CLR | G29: KeyAck | O29: {=BIN2HEX(IF(I29<>"",VLOOKUP(I29,Ops!$I$2:'Ops'!$J$13,2,FALSE),IF(ISNUMBER(SEARCH("BR",D29)),"001","000"))&IF(D29<>"",VLOOKUP(D29,Ops!$B$2:'Ops'!$C$23,2,FALSE),"0")&_xlfn.IFS(ISNUMBER(SEARCH("BR",D29)),VLOOKUP(D29,Ops!$B$3:'Ops'!$D$22,3,FALSE),F29<>"",VLOOKUP(F29,Ops!$R$2:'Ops'!$S$11,2),L29<>"",VLOOKUP(L29,Ops!$R$2:'Ops'!$S$25,2,FALSE),TRUE,"0000"),2)} -> 10 | P29: =RIGHT(IF($E29<>"",_xlfn.XLOOKUP($E29,$C$4:$C$681,$B$4:$B$681,"NO LABEL"),BIN2HEX(IF(N29="CarryEn","1","0")&IF(M29="SubXY","1","0")&IF(H29<>"",VLOOKUP(H29,Ops!$F$2:'Ops'!$G$20,2,FALSE),"000000"),2)),2) -> 2B | Q29: {=BIN2HEX(_xlfn.IFS(D29="HWINTEN","10",G29="KeyAck","01",G29="InitLp8","01",TRUE,"00")&IF(OR(Ops!$O$2:'Ops'!$O$13=K29),VLOOKUP(K29,Ops!$O$2:'Ops'!$P$13,2,FALSE),"000")&IF(E29<>"",IF(LEN(_xlfn.XLOOKUP($E29,$C$5:$C$681,$B$5:$B$681,0))=3,HEX2BIN(LEFT(_xlfn.XLOOKUP($E29,$C$5:$C$681,$B$5:$B$681,0),1),3),IF(OR(Ops!$L$2:'Ops'!$L$11=J29),VLOOKUP(J29,Ops!$L$2:'Ops'!$M$11,2,FALSE),"000")),IF(OR(Ops!$L$2:'Ops'!$L$11=J29),VLOOKUP(J29,Ops!$L$2:'Ops'!$M$11,2,FALSE),"000")),2)} -> 42 | R29: 00 | Z29: =IF(O29="", "};", "0x"&O29&",") -> 0x10, | AA29: ="0x"&P29&"," -> 0x2B, | AB29: ="0x"&Q29&"," -> 0x42, | AC29: 0x00,
A30: =A29+4 -> 96 | B30: =DEC2HEX(A30) -> 60 | C30: DSKY | D30: HWINTEN | F30: 9 | O30: {=BIN2HEX(IF(I30<>"",VLOOKUP(I30,Ops!$I$2:'Ops'!$J$13,2,FALSE),IF(ISNUMBER(SEARCH("BR",D30)),"001","000"))&IF(D30<>"",VLOOKUP(D30,Ops!$B$2:'Ops'!$C$23,2,FALSE),"0")&_xlfn.IFS(ISNUMBER(SEARCH("BR",D30)),VLOOKUP(D30,Ops!$B$3:'Ops'!$D$22,3,FALSE),F30<>"",VLOOKUP(F30,Ops!$R$2:'Ops'!$S$11,2),L30<>"",VLOOKUP(L30,Ops!$R$2:'Ops'!$S$25,2,FALSE),TRUE,"0000"),2)} -> 09 | P30: =RIGHT(IF($E30<>"",_xlfn.XLOOKUP($E30,$C$4:$C$681,$B$4:$B$681,"NO LABEL"),BIN2HEX(IF(N30="CarryEn","1","0")&IF(M30="SubXY","1","0")&IF(H30<>"",VLOOKUP(H30,Ops!$F$2:'Ops'!$G$20,2,FALSE),"000000"),2)),2) -> 00 | Q30: {=BIN2HEX(_xlfn.IFS(D30="HWINTEN","10",G30="KeyAck","01",G30="InitLp8","01",TRUE,"00")&IF(OR(Ops!$O$2:'Ops'!$O$13=K30),VLOOKUP(K30,Ops!$O$2:'Ops'!$P$13,2,FALSE),"000")&IF(E30<>"",IF(LEN(_xlfn.XLOOKUP($E30,$C$5:$C$681,$B$5:$B$681,0))=3,HEX2BIN(LEFT(_xlfn.XLOOKUP($E30,$C$5:$C$681,$B$5:$B$681,0),1),3),IF(OR(Ops!$L$2:'Ops'!$L$11=J30),VLOOKUP(J30,Ops!$L$2:'Ops'!$M$11,2,FALSE),"000")),IF(OR(Ops!$L$2:'Ops'!$L$11=J30),VLOOKUP(J30,Ops!$L$2:'Ops'!$M$11,2,FALSE),"000")),2)} -> 80 | S30: DSKY loop. Enable interrupt. Turn display ON | Z30: =IF(O30="", "};", "0x"&O30&",") -> 0x09, | AA30: ="0x"&P30&"," -> 0x00, | AB30: ="0x"&Q30&"," -> 0x80,
A31: =A30+3 -> 99 | B31: =DEC2HEX(A31) -> 63 | F31: 0 | O31: {=BIN2HEX(IF(I31<>"",VLOOKUP(I31,Ops!$I$2:'Ops'!$J$13,2,FALSE),IF(ISNUMBER(SEARCH("BR",D31)),"001","000"))&IF(D31<>"",VLOOKUP(D31,Ops!$B$2:'Ops'!$C$23,2,FALSE),"0")&_xlfn.IFS(ISNUMBER(SEARCH("BR",D31)),VLOOKUP(D31,Ops!$B$3:'Ops'!$D$22,3,FALSE),F31<>"",VLOOKUP(F31,Ops!$R$2:'Ops'!$S$11,2),L31<>"",VLOOKUP(L31,Ops!$R$2:'Ops'!$S$25,2,FALSE),TRUE,"0000"),2)} -> 00 | P31: =RIGHT(IF($E31<>"",_xlfn.XLOOKUP($E31,$C$4:$C$681,$B$4:$B$681,"NO LABEL"),BIN2HEX(IF(N31="CarryEn","1","0")&IF(M31="SubXY","1","0")&IF(H31<>"",VLOOKUP(H31,Ops!$F$2:'Ops'!$G$20,2,FALSE),"000000"),2)),2) -> 00 | Q31: {=BIN2HEX(_xlfn.IFS(D31="HWINTEN","10",G31="KeyAck","01",G31="InitLp8","01",TRUE,"00")&IF(OR(Ops!$O$2:'Ops'!$O$13=K31),VLOOKUP(K31,Ops!$O$2:'Ops'!$P$13,2,FALSE),"000")&IF(E31<>"",IF(LEN(_xlfn.XLOOKUP($E31,$C$5:$C$681,$B$5:$B$681,0))=3,HEX2BIN(LEFT(_xlfn.XLOOKUP($E31,$C$5:$C$681,$B$5:$B$681,0),1),3),IF(OR(Ops!$L$2:'Ops'!$L$11=J31),VLOOKUP(J31,Ops!$L$2:'Ops'!$M$11,2,FALSE),"000")),IF(OR(Ops!$L$2:'Ops'!$L$11=J31),VLOOKUP(J31,Ops!$L$2:'Ops'!$M$11,2,FALSE),"000")),2)} -> 00 | S31: Light up XDig1 | Z31: =IF(O31="", "};", "0x"&O31&",") -> 0x00, | AA31: ="0x"&P31&"," -> 0x00, | AB31: ="0x"&Q31&"," -> 0x00,
A32: =A31+3 -> 102 | B32: =DEC2HEX(A32) -> 66 | F32: 0 | O32: {=BIN2HEX(IF(I32<>"",VLOOKUP(I32,Ops!$I$2:'Ops'!$J$13,2,FALSE),IF(ISNUMBER(SEARCH("BR",D32)),"001","000"))&IF(D32<>"",VLOOKUP(D32,Ops!$B$2:'Ops'!$C$23,2,FALSE),"0")&_xlfn.IFS(ISNUMBER(SEARCH("BR",D32)),VLOOKUP(D32,Ops!$B$3:'Ops'!$D$22,3,FALSE),F32<>"",VLOOKUP(F32,Ops!$R$2:'Ops'!$S$11,2),L32<>"",VLOOKUP(L32,Ops!$R$2:'Ops'!$S$25,2,FALSE),TRUE,"0000"),2)} -> 00 | P32: =RIGHT(IF($E32<>"",_xlfn.XLOOKUP($E32,$C$4:$C$681,$B$4:$B$681,"NO LABEL"),BIN2HEX(IF(N32="CarryEn","1","0")&IF(M32="SubXY","1","0")&IF(H32<>"",VLOOKUP(H32,Ops!$F$2:'Ops'!$G$20,2,FALSE),"000000"),2)),2) -> 00 | Q32: {=BIN2HEX(_xlfn.IFS(D32="HWINTEN","10",G32="KeyAck","01",G32="InitLp8","01",TRUE,"00")&IF(OR(Ops!$O$2:'Ops'!$O$13=K32),VLOOKUP(K32,Ops!$O$2:'Ops'!$P$13,2,FALSE),"000")&IF(E32<>"",IF(LEN(_xlfn.XLOOKUP($E32,$C$5:$C$681,$B$5:$B$681,0))=3,HEX2BIN(LEFT(_xlfn.XLOOKUP($E32,$C$5:$C$681,$B$5:$B$681,0),1),3),IF(OR(Ops!$L$2:'Ops'!$L$11=J32),VLOOKUP(J32,Ops!$L$2:'Ops'!$M$11,2,FALSE),"000")),IF(OR(Ops!$L$2:'Ops'!$L$11=J32),VLOOKUP(J32,Ops!$L$2:'Ops'!$M$11,2,FALSE),"000")),2)} -> 00 | S32: Repeating display select to increas duty cycle | Z32: =IF(O32="", "};", "0x"&O32&",") -> 0x00, | AA32: ="0x"&P32&"," -> 0x00, | AB32: ="0x"&Q32&"," -> 0x00,
A33: =A32+3 -> 105 | B33: =DEC2HEX(A33) -> 69 | F33: 0 | O33: {=BIN2HEX(IF(I33<>"",VLOOKUP(I33,Ops!$I$2:'Ops'!$J$13,2,FALSE),IF(ISNUMBER(SEARCH("BR",D33)),"001","000"))&IF(D33<>"",VLOOKUP(D33,Ops!$B$2:'Ops'!$C$23,2,FALSE),"0")&_xlfn.IFS(ISNUMBER(SEARCH("BR",D33)),VLOOKUP(D33,Ops!$B$3:'Ops'!$D$22,3,FALSE),F33<>"",VLOOKUP(F33,Ops!$R$2:'Ops'!$S$11,2),L33<>"",VLOOKUP(L33,Ops!$R$2:'Ops'!$S$25,2,FALSE),TRUE,"0000"),2)} -> 00 | P33: =RIGHT(IF($E33<>"",_xlfn.XLOOKUP($E33,$C$4:$C$681,$B$4:$B$681,"NO LABEL"),BIN2HEX(IF(N33="CarryEn","1","0")&IF(M33="SubXY","1","0")&IF(H33<>"",VLOOKUP(H33,Ops!$F$2:'Ops'!$G$20,2,FALSE),"000000"),2)),2) -> 00 | Q33: {=BIN2HEX(_xlfn.IFS(D33="HWINTEN","10",G33="KeyAck","01",G33="InitLp8","01",TRUE,"00")&IF(OR(Ops!$O$2:'Ops'!$O$13=K33),VLOOKUP(K33,Ops!$O$2:'Ops'!$P$13,2,FALSE),"000")&IF(E33<>"",IF(LEN(_xlfn.XLOOKUP($E33,$C$5:$C$681,$B$5:$B$681,0))=3,HEX2BIN(LEFT(_xlfn.XLOOKUP($E33,$C$5:$C$681,$B$5:$B$681,0),1),3),IF(OR(Ops!$L$2:'Ops'!$L$11=J33),VLOOKUP(J33,Ops!$L$2:'Ops'!$M$11,2,FALSE),"000")),IF(OR(Ops!$L$2:'Ops'!$L$11=J33),VLOOKUP(J33,Ops!$L$2:'Ops'!$M$11,2,FALSE),"000")),2)} -> 00 | Z33: =IF(O33="", "};", "0x"&O33&",") -> 0x00, | AA33: ="0x"&P33&"," -> 0x00, | AB33: ="0x"&Q33&"," -> 0x00,
A34: =A33+3 -> 108 | B34: =DEC2HEX(A34) -> 6C | F34: 0 | O34: {=BIN2HEX(IF(I34<>"",VLOOKUP(I34,Ops!$I$2:'Ops'!$J$13,2,FALSE),IF(ISNUMBER(SEARCH("BR",D34)),"001","000"))&IF(D34<>"",VLOOKUP(D34,Ops!$B$2:'Ops'!$C$23,2,FALSE),"0")&_xlfn.IFS(ISNUMBER(SEARCH("BR",D34)),VLOOKUP(D34,Ops!$B$3:'Ops'!$D$22,3,FALSE),F34<>"",VLOOKUP(F34,Ops!$R$2:'Ops'!$S$11,2),L34<>"",VLOOKUP(L34,Ops!$R$2:'Ops'!$S$25,2,FALSE),TRUE,"0000"),2)} -> 00 | P34: =RIGHT(IF($E34<>"",_xlfn.XLOOKUP($E34,$C$4:$C$681,$B$4:$B$681,"NO LABEL"),BIN2HEX(IF(N34="CarryEn","1","0")&IF(M34="SubXY","1","0")&IF(H34<>"",VLOOKUP(H34,Ops!$F$2:'Ops'!$G$20,2,FALSE),"000000"),2)),2) -> 00 | Q34: {=BIN2HEX(_xlfn.IFS(D34="HWINTEN","10",G34="KeyAck","01",G34="InitLp8","01",TRUE,"00")&IF(OR(Ops!$O$2:'Ops'!$O$13=K34),VLOOKUP(K34,Ops!$O$2:'Ops'!$P$13,2,FALSE),"000")&IF(E34<>"",IF(LEN(_xlfn.XLOOKUP($E34,$C$5:$C$681,$B$5:$B$681,0))=3,HEX2BIN(LEFT(_xlfn.XLOOKUP($E34,$C$5:$C$681,$B$5:$B$681,0),1),3),IF(OR(Ops!$L$2:'Ops'!$L$11=J34),VLOOKUP(J34,Ops!$L$2:'Ops'!$M$11,2,FALSE),"000")),IF(OR(Ops!$L$2:'Ops'!$L$11=J34),VLOOKUP(J34,Ops!$L$2:'Ops'!$M$11,2,FALSE),"000")),2)} -> 00 | Z34: =IF(O34="", "};", "0x"&O34&",") -> 0x00, | AA34: ="0x"&P34&"," -> 0x00, | AB34: ="0x"&Q34&"," -> 0x00,
A35: =A34+3 -> 111 | B35: =DEC2HEX(A35) -> 6F | F35: 0 | H35: CircX | I35: SelXReg | J35: SelXXlsd | O35: {=BIN2HEX(IF(I35<>"",VLOOKUP(I35,Ops!$I$2:'Ops'!$J$13,2,FALSE),IF(ISNUMBER(SEARCH("BR",D35)),"001","000"))&IF(D35<>"",VLOOKUP(D35,Ops!$B$2:'Ops'!$C$23,2,FALSE),"0")&_xlfn.IFS(ISNUMBER(SEARCH("BR",D35)),VLOOKUP(D35,Ops!$B$3:'Ops'!$D$22,3,FALSE),F35<>"",VLOOKUP(F35,Ops!$R$2:'Ops'!$S$11,2),L35<>"",VLOOKUP(L35,Ops!$R$2:'Ops'!$S$25,2,FALSE),TRUE,"0000"),2)} -> 20 | P35: =RIGHT(IF($E35<>"",_xlfn.XLOOKUP($E35,$C$4:$C$681,$B$4:$B$681,"NO LABEL"),BIN2HEX(IF(N35="CarryEn","1","0")&IF(M35="SubXY","1","0")&IF(H35<>"",VLOOKUP(H35,Ops!$F$2:'Ops'!$G$20,2,FALSE),"000000"),2)),2) -> 01 | Q35: {=BIN2HEX(_xlfn.IFS(D35="HWINTEN","10",G35="KeyAck","01",G35="InitLp8","01",TRUE,"00")&IF(OR(Ops!$O$2:'Ops'!$O$13=K35),VLOOKUP(K35,Ops!$O$2:'Ops'!$P$13,2,FALSE),"000")&IF(E35<>"",IF(LEN(_xlfn.XLOOKUP($E35,$C$5:$C$681,$B$5:$B$681,0))=3,HEX2BIN(LEFT(_xlfn.XLOOKUP($E35,$C$5:$C$681,$B$5:$B$681,0),1),3),IF(OR(Ops!$L$2:'Ops'!$L$11=J35),VLOOKUP(J35,Ops!$L$2:'Ops'!$M$11,2,FALSE),"000")),IF(OR(Ops!$L$2:'Ops'!$L$11=J35),VLOOKUP(J35,Ops!$L$2:'Ops'!$M$11,2,FALSE),"000")),2)} -> 00 | S35: Rotate Xreg (XDig8<--XDig2; XDig1<--XDig1) | Z35: =IF(O35="", "};", "0x"&O35&",") -> 0x20, | AA35: ="0x"&P35&"," -> 0x01, | AB35: ="0x"&Q35&"," -> 0x00,
A36: =A35+3 -> 114 | B36: =DEC2HEX(A36) -> 72 | F36: 1 | O36: {=BIN2HEX(IF(I36<>"",VLOOKUP(I36,Ops!$I$2:'Ops'!$J$13,2,FALSE),IF(ISNUMBER(SEARCH("BR",D36)),"001","000"))&IF(D36<>"",VLOOKUP(D36,Ops!$B$2:'Ops'!$C$23,2,FALSE),"0")&_xlfn.IFS(ISNUMBER(SEARCH("BR",D36)),VLOOKUP(D36,Ops!$B$3:'Ops'!$D$22,3,FALSE),F36<>"",VLOOKUP(F36,Ops!$R$2:'Ops'!$S$11,2),L36<>"",VLOOKUP(L36,Ops!$R$2:'Ops'!$S$25,2,FALSE),TRUE,"0000"),2)} -> 01 | P36: =RIGHT(IF($E36<>"",_xlfn.XLOOKUP($E36,$C$4:$C$681,$B$4:$B$681,"NO LABEL"),BIN2HEX(IF(N36="CarryEn","1","0")&IF(M36="SubXY","1","0")&IF(H36<>"",VLOOKUP(H36,Ops!$F$2:'Ops'!$G$20,2,FALSE),"000000"),2)),2) -> 00 | Q36: {=BIN2HEX(_xlfn.IFS(D36="HWINTEN","10",G36="KeyAck","01",G36="InitLp8","01",TRUE,"00")&IF(OR(Ops!$O$2:'Ops'!$O$13=K36),VLOOKUP(K36,Ops!$O$2:'Ops'!$P$13,2,FALSE),"000")&IF(E36<>"",IF(LEN(_xlfn.XLOOKUP($E36,$C$5:$C$681,$B$5:$B$681,0))=3,HEX2BIN(LEFT(_xlfn.XLOOKUP($E36,$C$5:$C$681,$B$5:$B$681,0),1),3),IF(OR(Ops!$L$2:'Ops'!$L$11=J36),VLOOKUP(J36,Ops!$L$2:'Ops'!$M$11,2,FALSE),"000")),IF(OR(Ops!$L$2:'Ops'!$L$11=J36),VLOOKUP(J36,Ops!$L$2:'Ops'!$M$11,2,FALSE),"000")),2)} -> 00 | S36: Light up XDig2 | Z36: =IF(O36="", "};", "0x"&O36&",") -> 0x01, | AA36: ="0x"&P36&"," -> 0x00, | AB36: ="0x"&Q36&"," -> 0x00,
A37: =A36+3 -> 117 | B37: =DEC2HEX(A37) -> 75 | F37: 1 | O37: {=BIN2HEX(IF(I37<>"",VLOOKUP(I37,Ops!$I$2:'Ops'!$J$13,2,FALSE),IF(ISNUMBER(SEARCH("BR",D37)),"001","000"))&IF(D37<>"",VLOOKUP(D37,Ops!$B$2:'Ops'!$C$23,2,FALSE),"0")&_xlfn.IFS(ISNUMBER(SEARCH("BR",D37)),VLOOKUP(D37,Ops!$B$3:'Ops'!$D$22,3,FALSE),F37<>"",VLOOKUP(F37,Ops!$R$2:'Ops'!$S$11,2),L37<>"",VLOOKUP(L37,Ops!$R$2:'Ops'!$S$25,2,FALSE),TRUE,"0000"),2)} -> 01 | P37: =RIGHT(IF($E37<>"",_xlfn.XLOOKUP($E37,$C$4:$C$681,$B$4:$B$681,"NO LABEL"),BIN2HEX(IF(N37="CarryEn","1","0")&IF(M37="SubXY","1","0")&IF(H37<>"",VLOOKUP(H37,Ops!$F$2:'Ops'!$G$20,2,FALSE),"000000"),2)),2) -> 00 | Q37: {=BIN2HEX(_xlfn.IFS(D37="HWINTEN","10",G37="KeyAck","01",G37="InitLp8","01",TRUE,"00")&IF(OR(Ops!$O$2:'Ops'!$O$13=K37),VLOOKUP(K37,Ops!$O$2:'Ops'!$P$13,2,FALSE),"000")&IF(E37<>"",IF(LEN(_xlfn.XLOOKUP($E37,$C$5:$C$681,$B$5:$B$681,0))=3,HEX2BIN(LEFT(_xlfn.XLOOKUP($E37,$C$5:$C$681,$B$5:$B$681,0),1),3),IF(OR(Ops!$L$2:'Ops'!$L$11=J37),VLOOKUP(J37,Ops!$L$2:'Ops'!$M$11,2,FALSE),"000")),IF(OR(Ops!$L$2:'Ops'!$L$11=J37),VLOOKUP(J37,Ops!$L$2:'Ops'!$M$11,2,FALSE),"000")),2)} -> 00 | Z37: =IF(O37="", "};", "0x"&O37&",") -> 0x01, | AA37: ="0x"&P37&"," -> 0x00, | AB37: ="0x"&Q37&"," -> 0x00,
A38: =A37+3 -> 120 | B38: =DEC2HEX(A38) -> 78 | F38: 1 | O38: {=BIN2HEX(IF(I38<>"",VLOOKUP(I38,Ops!$I$2:'Ops'!$J$13,2,FALSE),IF(ISNUMBER(SEARCH("BR",D38)),"001","000"))&IF(D38<>"",VLOOKUP(D38,Ops!$B$2:'Ops'!$C$23,2,FALSE),"0")&_xlfn.IFS(ISNUMBER(SEARCH("BR",D38)),VLOOKUP(D38,Ops!$B$3:'Ops'!$D$22,3,FALSE),F38<>"",VLOOKUP(F38,Ops!$R$2:'Ops'!$S$11,2),L38<>"",VLOOKUP(L38,Ops!$R$2:'Ops'!$S$25,2,FALSE),TRUE,"0000"),2)} -> 01 | P38: =RIGHT(IF($E38<>"",_xlfn.XLOOKUP($E38,$C$4:$C$681,$B$4:$B$681,"NO LABEL"),BIN2HEX(IF(N38="CarryEn","1","0")&IF(M38="SubXY","1","0")&IF(H38<>"",VLOOKUP(H38,Ops!$F$2:'Ops'!$G$20,2,FALSE),"000000"),2)),2) -> 00 | Q38: {=BIN2HEX(_xlfn.IFS(D38="HWINTEN","10",G38="KeyAck","01",G38="InitLp8","01",TRUE,"00")&IF(OR(Ops!$O$2:'Ops'!$O$13=K38),VLOOKUP(K38,Ops!$O$2:'Ops'!$P$13,2,FALSE),"000")&IF(E38<>"",IF(LEN(_xlfn.XLOOKUP($E38,$C$5:$C$681,$B$5:$B$681,0))=3,HEX2BIN(LEFT(_xlfn.XLOOKUP($E38,$C$5:$C$681,$B$5:$B$681,0),1),3),IF(OR(Ops!$L$2:'Ops'!$L$11=J38),VLOOKUP(J38,Ops!$L$2:'Ops'!$M$11,2,FALSE),"000")),IF(OR(Ops!$L$2:'Ops'!$L$11=J38),VLOOKUP(J38,Ops!$L$2:'Ops'!$M$11,2,FALSE),"000")),2)} -> 00 | Z38: =IF(O38="", "};", "0x"&O38&",") -> 0x01, | AA38: ="0x"&P38&"," -> 0x00, | AB38: ="0x"&Q38&"," -> 0x00,
A39: =A38+3 -> 123 | B39: =DEC2HEX(A39) -> 7B | F39: 1 | O39: {=BIN2HEX(IF(I39<>"",VLOOKUP(I39,Ops!$I$2:'Ops'!$J$13,2,FALSE),IF(ISNUMBER(SEARCH("BR",D39)),"001","000"))&IF(D39<>"",VLOOKUP(D39,Ops!$B$2:'Ops'!$C$23,2,FALSE),"0")&_xlfn.IFS(ISNUMBER(SEARCH("BR",D39)),VLOOKUP(D39,Ops!$B$3:'Ops'!$D$22,3,FALSE),F39<>"",VLOOKUP(F39,Ops!$R$2:'Ops'!$S$11,2),L39<>"",VLOOKUP(L39,Ops!$R$2:'Ops'!$S$25,2,FALSE),TRUE,"0000"),2)} -> 01 | P39: =RIGHT(IF($E39<>"",_xlfn.XLOOKUP($E39,$C$4:$C$681,$B$4:$B$681,"NO LABEL"),BIN2HEX(IF(N39="CarryEn","1","0")&IF(M39="SubXY","1","0")&IF(H39<>"",VLOOKUP(H39,Ops!$F$2:'Ops'!$G$20,2,FALSE),"000000"),2)),2) -> 00 | Q39: {=BIN2HEX(_xlfn.IFS(D39="HWINTEN","10",G39="KeyAck","01",G39="InitLp8","01",TRUE,"00")&IF(OR(Ops!$O$2:'Ops'!$O$13=K39),VLOOKUP(K39,Ops!$O$2:'Ops'!$P$13,2,FALSE),"000")&IF(E39<>"",IF(LEN(_xlfn.XLOOKUP($E39,$C$5:$C$681,$B$5:$B$681,0))=3,HEX2BIN(LEFT(_xlfn.XLOOKUP($E39,$C$5:$C$681,$B$5:$B$681,0),1),3),IF(OR(Ops!$L$2:'Ops'!$L$11=J39),VLOOKUP(J39,Ops!$L$2:'Ops'!$M$11,2,FALSE),"000")),IF(OR(Ops!$L$2:'Ops'!$L$11=J39),VLOOKUP(J39,Ops!$L$2:'Ops'!$M$11,2,FALSE),"000")),2)} -> 00 | Z39: =IF(O39="", "};", "0x"&O39&",") -> 0x01, | AA39: ="0x"&P39&"," -> 0x00, | AB39: ="0x"&Q39&"," -> 0x00,
A40: =A39+3 -> 126 | B40: =DEC2HEX(A40) -> 7E | F40: 1 | H40: CircX | I40: SelXReg | J40: SelXXlsd | O40: {=BIN2HEX(IF(I40<>"",VLOOKUP(I40,Ops!$I$2:'Ops'!$J$13,2,FALSE),IF(ISNUMBER(SEARCH("BR",D40)),"001","000"))&IF(D40<>"",VLOOKUP(D40,Ops!$B$2:'Ops'!$C$23,2,FALSE),"0")&_xlfn.IFS(ISNUMBER(SEARCH("BR",D40)),VLOOKUP(D40,Ops!$B$3:'Ops'!$D$22,3,FALSE),F40<>"",VLOOKUP(F40,Ops!$R$2:'Ops'!$S$11,2),L40<>"",VLOOKUP(L40,Ops!$R$2:'Ops'!$S$25,2,FALSE),TRUE,"0000"),2)} -> 21 | P40: =RIGHT(IF($E40<>"",_xlfn.XLOOKUP($E40,$C$4:$C$681,$B$4:$B$681,"NO LABEL"),BIN2HEX(IF(N40="CarryEn","1","0")&IF(M40="SubXY","1","0")&IF(H40<>"",VLOOKUP(H40,Ops!$F$2:'Ops'!$G$20,2,FALSE),"000000"),2)),2) -> 01 | Q40: {=BIN2HEX(_xlfn.IFS(D40="HWINTEN","10",G40="KeyAck","01",G40="InitLp8","01",TRUE,"00")&IF(OR(Ops!$O$2:'Ops'!$O$13=K40),VLOOKUP(K40,Ops!$O$2:'Ops'!$P$13,2,FALSE),"000")&IF(E40<>"",IF(LEN(_xlfn.XLOOKUP($E40,$C$5:$C$681,$B$5:$B$681,0))=3,HEX2BIN(LEFT(_xlfn.XLOOKUP($E40,$C$5:$C$681,$B$5:$B$681,0),1),3),IF(OR(Ops!$L$2:'Ops'!$L$11=J40),VLOOKUP(J40,Ops!$L$2:'Ops'!$M$11,2,FALSE),"000")),IF(OR(Ops!$L$2:'Ops'!$L$11=J40),VLOOKUP(J40,Ops!$L$2:'Ops'!$M$11,2,FALSE),"000")),2)} -> 00 | Z40: =IF(O40="", "};", "0x"&O40&",") -> 0x21, | AA40: ="0x"&P40&"," -> 0x01, | AB40: ="0x"&Q40&"," -> 0x00,
A41: =A40+3 -> 129 | B41: =DEC2HEX(A41) -> 81 | F41: 2 | O41: {=BIN2HEX(IF(I41<>"",VLOOKUP(I41,Ops!$I$2:'Ops'!$J$13,2,FALSE),IF(ISNUMBER(SEARCH("BR",D41)),"001","000"))&IF(D41<>"",VLOOKUP(D41,Ops!$B$2:'Ops'!$C$23,2,FALSE),"0")&_xlfn.IFS(ISNUMBER(SEARCH("BR",D41)),VLOOKUP(D41,Ops!$B$3:'Ops'!$D$22,3,FALSE),F41<>"",VLOOKUP(F41,Ops!$R$2:'Ops'!$S$11,2),L41<>"",VLOOKUP(L41,Ops!$R$2:'Ops'!$S$25,2,FALSE),TRUE,"0000"),2)} -> 02 | P41: =RIGHT(IF($E41<>"",_xlfn.XLOOKUP($E41,$C$4:$C$681,$B$4:$B$681,"NO LABEL"),BIN2HEX(IF(N41="CarryEn","1","0")&IF(M41="SubXY","1","0")&IF(H41<>"",VLOOKUP(H41,Ops!$F$2:'Ops'!$G$20,2,FALSE),"000000"),2)),2) -> 00 | Q41: {=BIN2HEX(_xlfn.IFS(D41="HWINTEN","10",G41="KeyAck","01",G41="InitLp8","01",TRUE,"00")&IF(OR(Ops!$O$2:'Ops'!$O$13=K41),VLOOKUP(K41,Ops!$O$2:'Ops'!$P$13,2,FALSE),"000")&IF(E41<>"",IF(LEN(_xlfn.XLOOKUP($E41,$C$5:$C$681,$B$5:$B$681,0))=3,HEX2BIN(LEFT(_xlfn.XLOOKUP($E41,$C$5:$C$681,$B$5:$B$681,0),1),3),IF(OR(Ops!$L$2:'Ops'!$L$11=J41),VLOOKUP(J41,Ops!$L$2:'Ops'!$M$11,2,FALSE),"000")),IF(OR(Ops!$L$2:'Ops'!$L$11=J41),VLOOKUP(J41,Ops!$L$2:'Ops'!$M$11,2,FALSE),"000")),2)} -> 00 | Z41: =IF(O41="", "};", "0x"&O41&",") -> 0x02, | AA41: ="0x"&P41&"," -> 0x00, | AB41: ="0x"&Q41&"," -> 0x00,
A42: =A41+3 -> 132 | B42: =DEC2HEX(A42) -> 84 | F42: 2 | O42: {=BIN2HEX(IF(I42<>"",VLOOKUP(I42,Ops!$I$2:'Ops'!$J$13,2,FALSE),IF(ISNUMBER(SEARCH("BR",D42)),"001","000"))&IF(D42<>"",VLOOKUP(D42,Ops!$B$2:'Ops'!$C$23,2,FALSE),"0")&_xlfn.IFS(ISNUMBER(SEARCH("BR",D42)),VLOOKUP(D42,Ops!$B$3:'Ops'!$D$22,3,FALSE),F42<>"",VLOOKUP(F42,Ops!$R$2:'Ops'!$S$11,2),L42<>"",VLOOKUP(L42,Ops!$R$2:'Ops'!$S$25,2,FALSE),TRUE,"0000"),2)} -> 02 | P42: =RIGHT(IF($E42<>"",_xlfn.XLOOKUP($E42,$C$4:$C$681,$B$4:$B$681,"NO LABEL"),BIN2HEX(IF(N42="CarryEn","1","0")&IF(M42="SubXY","1","0")&IF(H42<>"",VLOOKUP(H42,Ops!$F$2:'Ops'!$G$20,2,FALSE),"000000"),2)),2) -> 00 | Q42: {=BIN2HEX(_xlfn.IFS(D42="HWINTEN","10",G42="KeyAck","01",G42="InitLp8","01",TRUE,"00")&IF(OR(Ops!$O$2:'Ops'!$O$13=K42),VLOOKUP(K42,Ops!$O$2:'Ops'!$P$13,2,FALSE),"000")&IF(E42<>"",IF(LEN(_xlfn.XLOOKUP($E42,$C$5:$C$681,$B$5:$B$681,0))=3,HEX2BIN(LEFT(_xlfn.XLOOKUP($E42,$C$5:$C$681,$B$5:$B$681,0),1),3),IF(OR(Ops!$L$2:'Ops'!$L$11=J42),VLOOKUP(J42,Ops!$L$2:'Ops'!$M$11,2,FALSE),"000")),IF(OR(Ops!$L$2:'Ops'!$L$11=J42),VLOOKUP(J42,Ops!$L$2:'Ops'!$M$11,2,FALSE),"000")),2)} -> 00 | Z42: =IF(O42="", "};", "0x"&O42&",") -> 0x02, | AA42: ="0x"&P42&"," -> 0x00, | AB42: ="0x"&Q42&"," -> 0x00,
A43: =A42+3 -> 135 | B43: =DEC2HEX(A43) -> 87 | F43: 2 | O43: {=BIN2HEX(IF(I43<>"",VLOOKUP(I43,Ops!$I$2:'Ops'!$J$13,2,FALSE),IF(ISNUMBER(SEARCH("BR",D43)),"001","000"))&IF(D43<>"",VLOOKUP(D43,Ops!$B$2:'Ops'!$C$23,2,FALSE),"0")&_xlfn.IFS(ISNUMBER(SEARCH("BR",D43)),VLOOKUP(D43,Ops!$B$3:'Ops'!$D$22,3,FALSE),F43<>"",VLOOKUP(F43,Ops!$R$2:'Ops'!$S$11,2),L43<>"",VLOOKUP(L43,Ops!$R$2:'Ops'!$S$25,2,FALSE),TRUE,"0000"),2)} -> 02 | P43: =RIGHT(IF($E43<>"",_xlfn.XLOOKUP($E43,$C$4:$C$681,$B$4:$B$681,"NO LABEL"),BIN2HEX(IF(N43="CarryEn","1","0")&IF(M43="SubXY","1","0")&IF(H43<>"",VLOOKUP(H43,Ops!$F$2:'Ops'!$G$20,2,FALSE),"000000"),2)),2) -> 00 | Q43: {=BIN2HEX(_xlfn.IFS(D43="HWINTEN","10",G43="KeyAck","01",G43="InitLp8","01",TRUE,"00")&IF(OR(Ops!$O$2:'Ops'!$O$13=K43),VLOOKUP(K43,Ops!$O$2:'Ops'!$P$13,2,FALSE),"000")&IF(E43<>"",IF(LEN(_xlfn.XLOOKUP($E43,$C$5:$C$681,$B$5:$B$681,0))=3,HEX2BIN(LEFT(_xlfn.XLOOKUP($E43,$C$5:$C$681,$B$5:$B$681,0),1),3),IF(OR(Ops!$L$2:'Ops'!$L$11=J43),VLOOKUP(J43,Ops!$L$2:'Ops'!$M$11,2,FALSE),"000")),IF(OR(Ops!$L$2:'Ops'!$L$11=J43),VLOOKUP(J43,Ops!$L$2:'Ops'!$M$11,2,FALSE),"000")),2)} -> 00 | Z43: =IF(O43="", "};", "0x"&O43&",") -> 0x02, | AA43: ="0x"&P43&"," -> 0x00, | AB43: ="0x"&Q43&"," -> 0x00,
A44: =A43+3 -> 138 | B44: =DEC2HEX(A44) -> 8A | F44: 2 | O44: {=BIN2HEX(IF(I44<>"",VLOOKUP(I44,Ops!$I$2:'Ops'!$J$13,2,FALSE),IF(ISNUMBER(SEARCH("BR",D44)),"001","000"))&IF(D44<>"",VLOOKUP(D44,Ops!$B$2:'Ops'!$C$23,2,FALSE),"0")&_xlfn.IFS(ISNUMBER(SEARCH("BR",D44)),VLOOKUP(D44,Ops!$B$3:'Ops'!$D$22,3,FALSE),F44<>"",VLOOKUP(F44,Ops!$R$2:'Ops'!$S$11,2),L44<>"",VLOOKUP(L44,Ops!$R$2:'Ops'!$S$25,2,FALSE),TRUE,"0000"),2)} -> 02 | P44: =RIGHT(IF($E44<>"",_xlfn.XLOOKUP($E44,$C$4:$C$681,$B$4:$B$681,"NO LABEL"),BIN2HEX(IF(N44="CarryEn","1","0")&IF(M44="SubXY","1","0")&IF(H44<>"",VLOOKUP(H44,Ops!$F$2:'Ops'!$G$20,2,FALSE),"000000"),2)),2) -> 00 | Q44: {=BIN2HEX(_xlfn.IFS(D44="HWINTEN","10",G44="KeyAck","01",G44="InitLp8","01",TRUE,"00")&IF(OR(Ops!$O$2:'Ops'!$O$13=K44),VLOOKUP(K44,Ops!$O$2:'Ops'!$P$13,2,FALSE),"000")&IF(E44<>"",IF(LEN(_xlfn.XLOOKUP($E44,$C$5:$C$681,$B$5:$B$681,0))=3,HEX2BIN(LEFT(_xlfn.XLOOKUP($E44,$C$5:$C$681,$B$5:$B$681,0),1),3),IF(OR(Ops!$L$2:'Ops'!$L$11=J44),VLOOKUP(J44,Ops!$L$2:'Ops'!$M$11,2,FALSE),"000")),IF(OR(Ops!$L$2:'Ops'!$L$11=J44),VLOOKUP(J44,Ops!$L$2:'Ops'!$M$11,2,FALSE),"000")),2)} -> 00 | Z44: =IF(O44="", "};", "0x"&O44&",") -> 0x02, | AA44: ="0x"&P44&"," -> 0x00, | AB44: ="0x"&Q44&"," -> 0x00,
A45: =A44+3 -> 141 | B45: =DEC2HEX(A45) -> 8D | F45: 2 | H45: CircX | I45: SelXReg | J45: SelXXlsd | O45: {=BIN2HEX(IF(I45<>"",VLOOKUP(I45,Ops!$I$2:'Ops'!$J$13,2,FALSE),IF(ISNUMBER(SEARCH("BR",D45)),"001","000"))&IF(D45<>"",VLOOKUP(D45,Ops!$B$2:'Ops'!$C$23,2,FALSE),"0")&_xlfn.IFS(ISNUMBER(SEARCH("BR",D45)),VLOOKUP(D45,Ops!$B$3:'Ops'!$D$22,3,FALSE),F45<>"",VLOOKUP(F45,Ops!$R$2:'Ops'!$S$11,2),L45<>"",VLOOKUP(L45,Ops!$R$2:'Ops'!$S$25,2,FALSE),TRUE,"0000"),2)} -> 22 | P45: =RIGHT(IF($E45<>"",_xlfn.XLOOKUP($E45,$C$4:$C$681,$B$4:$B$681,"NO LABEL"),BIN2HEX(IF(N45="CarryEn","1","0")&IF(M45="SubXY","1","0")&IF(H45<>"",VLOOKUP(H45,Ops!$F$2:'Ops'!$G$20,2,FALSE),"000000"),2)),2) -> 01 | Q45: {=BIN2HEX(_xlfn.IFS(D45="HWINTEN","10",G45="KeyAck","01",G45="InitLp8","01",TRUE,"00")&IF(OR(Ops!$O$2:'Ops'!$O$13=K45),VLOOKUP(K45,Ops!$O$2:'Ops'!$P$13,2,FALSE),"000")&IF(E45<>"",IF(LEN(_xlfn.XLOOKUP($E45,$C$5:$C$681,$B$5:$B$681,0))=3,HEX2BIN(LEFT(_xlfn.XLOOKUP($E45,$C$5:$C$681,$B$5:$B$681,0),1),3),IF(OR(Ops!$L$2:'Ops'!$L$11=J45),VLOOKUP(J45,Ops!$L$2:'Ops'!$M$11,2,FALSE),"000")),IF(OR(Ops!$L$2:'Ops'!$L$11=J45),VLOOKUP(J45,Ops!$L$2:'Ops'!$M$11,2,FALSE),"000")),2)} -> 00 | Z45: =IF(O45="", "};", "0x"&O45&",") -> 0x22, | AA45: ="0x"&P45&"," -> 0x01, | AB45: ="0x"&Q45&"," -> 0x00,
A46: =A45+3 -> 144 | B46: =DEC2HEX(A46) -> 90 | F46: 3 | O46: {=BIN2HEX(IF(I46<>"",VLOOKUP(I46,Ops!$I$2:'Ops'!$J$13,2,FALSE),IF(ISNUMBER(SEARCH("BR",D46)),"001","000"))&IF(D46<>"",VLOOKUP(D46,Ops!$B$2:'Ops'!$C$23,2,FALSE),"0")&_xlfn.IFS(ISNUMBER(SEARCH("BR",D46)),VLOOKUP(D46,Ops!$B$3:'Ops'!$D$22,3,FALSE),F46<>"",VLOOKUP(F46,Ops!$R$2:'Ops'!$S$11,2),L46<>"",VLOOKUP(L46,Ops!$R$2:'Ops'!$S$25,2,FALSE),TRUE,"0000"),2)} -> 03 | P46: =RIGHT(IF($E46<>"",_xlfn.XLOOKUP($E46,$C$4:$C$681,$B$4:$B$681,"NO LABEL"),BIN2HEX(IF(N46="CarryEn","1","0")&IF(M46="SubXY","1","0")&IF(H46<>"",VLOOKUP(H46,Ops!$F$2:'Ops'!$G$20,2,FALSE),"000000"),2)),2) -> 00 | Q46: {=BIN2HEX(_xlfn.IFS(D46="HWINTEN","10",G46="KeyAck","01",G46="InitLp8","01",TRUE,"00")&IF(OR(Ops!$O$2:'Ops'!$O$13=K46),VLOOKUP(K46,Ops!$O$2:'Ops'!$P$13,2,FALSE),"000")&IF(E46<>"",IF(LEN(_xlfn.XLOOKUP($E46,$C$5:$C$681,$B$5:$B$681,0))=3,HEX2BIN(LEFT(_xlfn.XLOOKUP($E46,$C$5:$C$681,$B$5:$B$681,0),1),3),IF(OR(Ops!$L$2:'Ops'!$L$11=J46),VLOOKUP(J46,Ops!$L$2:'Ops'!$M$11,2,FALSE),"000")),IF(OR(Ops!$L$2:'Ops'!$L$11=J46),VLOOKUP(J46,Ops!$L$2:'Ops'!$M$11,2,FALSE),"000")),2)} -> 00 | Z46: =IF(O46="", "};", "0x"&O46&",") -> 0x03, | AA46: ="0x"&P46&"," -> 0x00, | AB46: ="0x"&Q46&"," -> 0x00,
A47: =A46+3 -> 147 | B47: =DEC2HEX(A47) -> 93 | F47: 3 | O47: {=BIN2HEX(IF(I47<>"",VLOOKUP(I47,Ops!$I$2:'Ops'!$J$13,2,FALSE),IF(ISNUMBER(SEARCH("BR",D47)),"001","000"))&IF(D47<>"",VLOOKUP(D47,Ops!$B$2:'Ops'!$C$23,2,FALSE),"0")&_xlfn.IFS(ISNUMBER(SEARCH("BR",D47)),VLOOKUP(D47,Ops!$B$3:'Ops'!$D$22,3,FALSE),F47<>"",VLOOKUP(F47,Ops!$R$2:'Ops'!$S$11,2),L47<>"",VLOOKUP(L47,Ops!$R$2:'Ops'!$S$25,2,FALSE),TRUE,"0000"),2)} -> 03 | P47: =RIGHT(IF($E47<>"",_xlfn.XLOOKUP($E47,$C$4:$C$681,$B$4:$B$681,"NO LABEL"),BIN2HEX(IF(N47="CarryEn","1","0")&IF(M47="SubXY","1","0")&IF(H47<>"",VLOOKUP(H47,Ops!$F$2:'Ops'!$G$20,2,FALSE),"000000"),2)),2) -> 00 | Q47: {=BIN2HEX(_xlfn.IFS(D47="HWINTEN","10",G47="KeyAck","01",G47="InitLp8","01",TRUE,"00")&IF(OR(Ops!$O$2:'Ops'!$O$13=K47),VLOOKUP(K47,Ops!$O$2:'Ops'!$P$13,2,FALSE),"000")&IF(E47<>"",IF(LEN(_xlfn.XLOOKUP($E47,$C$5:$C$681,$B$5:$B$681,0))=3,HEX2BIN(LEFT(_xlfn.XLOOKUP($E47,$C$5:$C$681,$B$5:$B$681,0),1),3),IF(OR(Ops!$L$2:'Ops'!$L$11=J47),VLOOKUP(J47,Ops!$L$2:'Ops'!$M$11,2,FALSE),"000")),IF(OR(Ops!$L$2:'Ops'!$L$11=J47),VLOOKUP(J47,Ops!$L$2:'Ops'!$M$11,2,FALSE),"000")),2)} -> 00 | Z47: =IF(O47="", "};", "0x"&O47&",") -> 0x03, | AA47: ="0x"&P47&"," -> 0x00, | AB47: ="0x"&Q47&"," -> 0x00,
A48: =A47+3 -> 150 | B48: =DEC2HEX(A48) -> 96 | F48: 3 | O48: {=BIN2HEX(IF(I48<>"",VLOOKUP(I48,Ops!$I$2:'Ops'!$J$13,2,FALSE),IF(ISNUMBER(SEARCH("BR",D48)),"001","000"))&IF(D48<>"",VLOOKUP(D48,Ops!$B$2:'Ops'!$C$23,2,FALSE),"0")&_xlfn.IFS(ISNUMBER(SEARCH("BR",D48)),VLOOKUP(D48,Ops!$B$3:'Ops'!$D$22,3,FALSE),F48<>"",VLOOKUP(F48,Ops!$R$2:'Ops'!$S$11,2),L48<>"",VLOOKUP(L48,Ops!$R$2:'Ops'!$S$25,2,FALSE),TRUE,"0000"),2)} -> 03 | P48: =RIGHT(IF($E48<>"",_xlfn.XLOOKUP($E48,$C$4:$C$681,$B$4:$B$681,"NO LABEL"),BIN2HEX(IF(N48="CarryEn","1","0")&IF(M48="SubXY","1","0")&IF(H48<>"",VLOOKUP(H48,Ops!$F$2:'Ops'!$G$20,2,FALSE),"000000"),2)),2) -> 00 | Q48: {=BIN2HEX(_xlfn.IFS(D48="HWINTEN","10",G48="KeyAck","01",G48="InitLp8","01",TRUE,"00")&IF(OR(Ops!$O$2:'Ops'!$O$13=K48),VLOOKUP(K48,Ops!$O$2:'Ops'!$P$13,2,FALSE),"000")&IF(E48<>"",IF(LEN(_xlfn.XLOOKUP($E48,$C$5:$C$681,$B$5:$B$681,0))=3,HEX2BIN(LEFT(_xlfn.XLOOKUP($E48,$C$5:$C$681,$B$5:$B$681,0),1),3),IF(OR(Ops!$L$2:'Ops'!$L$11=J48),VLOOKUP(J48,Ops!$L$2:'Ops'!$M$11,2,FALSE),"000")),IF(OR(Ops!$L$2:'Ops'!$L$11=J48),VLOOKUP(J48,Ops!$L$2:'Ops'!$M$11,2,FALSE),"000")),2)} -> 00 | Z48: =IF(O48="", "};", "0x"&O48&",") -> 0x03, | AA48: ="0x"&P48&"," -> 0x00, | AB48: ="0x"&Q48&"," -> 0x00,
A49: =A48+3 -> 153 | B49: =DEC2HEX(A49) -> 99 | F49: 3 | O49: {=BIN2HEX(IF(I49<>"",VLOOKUP(I49,Ops!$I$2:'Ops'!$J$13,2,FALSE),IF(ISNUMBER(SEARCH("BR",D49)),"001","000"))&IF(D49<>"",VLOOKUP(D49,Ops!$B$2:'Ops'!$C$23,2,FALSE),"0")&_xlfn.IFS(ISNUMBER(SEARCH("BR",D49)),VLOOKUP(D49,Ops!$B$3:'Ops'!$D$22,3,FALSE),F49<>"",VLOOKUP(F49,Ops!$R$2:'Ops'!$S$11,2),L49<>"",VLOOKUP(L49,Ops!$R$2:'Ops'!$S$25,2,FALSE),TRUE,"0000"),2)} -> 03 | P49: =RIGHT(IF($E49<>"",_xlfn.XLOOKUP($E49,$C$4:$C$681,$B$4:$B$681,"NO LABEL"),BIN2HEX(IF(N49="CarryEn","1","0")&IF(M49="SubXY","1","0")&IF(H49<>"",VLOOKUP(H49,Ops!$F$2:'Ops'!$G$20,2,FALSE),"000000"),2)),2) -> 00 | Q49: {=BIN2HEX(_xlfn.IFS(D49="HWINTEN","10",G49="KeyAck","01",G49="InitLp8","01",TRUE,"00")&IF(OR(Ops!$O$2:'Ops'!$O$13=K49),VLOOKUP(K49,Ops!$O$2:'Ops'!$P$13,2,FALSE),"000")&IF(E49<>"",IF(LEN(_xlfn.XLOOKUP($E49,$C$5:$C$681,$B$5:$B$681,0))=3,HEX2BIN(LEFT(_xlfn.XLOOKUP($E49,$C$5:$C$681,$B$5:$B$681,0),1),3),IF(OR(Ops!$L$2:'Ops'!$L$11=J49),VLOOKUP(J49,Ops!$L$2:'Ops'!$M$11,2,FALSE),"000")),IF(OR(Ops!$L$2:'Ops'!$L$11=J49),VLOOKUP(J49,Ops!$L$2:'Ops'!$M$11,2,FALSE),"000")),2)} -> 00 | Z49: =IF(O49="", "};", "0x"&O49&",") -> 0x03, | AA49: ="0x"&P49&"," -> 0x00, | AB49: ="0x"&Q49&"," -> 0x00,
A50: =A49+3 -> 156 | B50: =DEC2HEX(A50) -> 9C | F50: 3 | H50: CircX | I50: SelXReg | J50: SelXXlsd | O50: {=BIN2HEX(IF(I50<>"",VLOOKUP(I50,Ops!$I$2:'Ops'!$J$13,2,FALSE),IF(ISNUMBER(SEARCH("BR",D50)),"001","000"))&IF(D50<>"",VLOOKUP(D50,Ops!$B$2:'Ops'!$C$23,2,FALSE),"0")&_xlfn.IFS(ISNUMBER(SEARCH("BR",D50)),VLOOKUP(D50,Ops!$B$3:'Ops'!$D$22,3,FALSE),F50<>"",VLOOKUP(F50,Ops!$R$2:'Ops'!$S$11,2),L50<>"",VLOOKUP(L50,Ops!$R$2:'Ops'!$S$25,2,FALSE),TRUE,"0000"),2)} -> 23 | P50: =RIGHT(IF($E50<>"",_xlfn.XLOOKUP($E50,$C$4:$C$681,$B$4:$B$681,"NO LABEL"),BIN2HEX(IF(N50="CarryEn","1","0")&IF(M50="SubXY","1","0")&IF(H50<>"",VLOOKUP(H50,Ops!$F$2:'Ops'!$G$20,2,FALSE),"000000"),2)),2) -> 01 | Q50: {=BIN2HEX(_xlfn.IFS(D50="HWINTEN","10",G50="KeyAck","01",G50="InitLp8","01",TRUE,"00")&IF(OR(Ops!$O$2:'Ops'!$O$13=K50),VLOOKUP(K50,Ops!$O$2:'Ops'!$P$13,2,FALSE),"000")&IF(E50<>"",IF(LEN(_xlfn.XLOOKUP($E50,$C$5:$C$681,$B$5:$B$681,0))=3,HEX2BIN(LEFT(_xlfn.XLOOKUP($E50,$C$5:$C$681,$B$5:$B$681,0),1),3),IF(OR(Ops!$L$2:'Ops'!$L$11=J50),VLOOKUP(J50,Ops!$L$2:'Ops'!$M$11,2,FALSE),"000")),IF(OR(Ops!$L$2:'Ops'!$L$11=J50),VLOOKUP(J50,Ops!$L$2:'Ops'!$M$11,2,FALSE),"000")),2)} -> 00 | Z50: =IF(O50="", "};", "0x"&O50&",") -> 0x23, | AA50: ="0x"&P50&"," -> 0x01, | AB50: ="0x"&Q50&"," -> 0x00,
A51: =A50+3 -> 159 | B51: =DEC2HEX(A51) -> 9F | F51: 4 | O51: {=BIN2HEX(IF(I51<>"",VLOOKUP(I51,Ops!$I$2:'Ops'!$J$13,2,FALSE),IF(ISNUMBER(SEARCH("BR",D51)),"001","000"))&IF(D51<>"",VLOOKUP(D51,Ops!$B$2:'Ops'!$C$23,2,FALSE),"0")&_xlfn.IFS(ISNUMBER(SEARCH("BR",D51)),VLOOKUP(D51,Ops!$B$3:'Ops'!$D$22,3,FALSE),F51<>"",VLOOKUP(F51,Ops!$R$2:'Ops'!$S$11,2),L51<>"",VLOOKUP(L51,Ops!$R$2:'Ops'!$S$25,2,FALSE),TRUE,"0000"),2)} -> 04 | P51: =RIGHT(IF($E51<>"",_xlfn.XLOOKUP($E51,$C$4:$C$681,$B$4:$B$681,"NO LABEL"),BIN2HEX(IF(N51="CarryEn","1","0")&IF(M51="SubXY","1","0")&IF(H51<>"",VLOOKUP(H51,Ops!$F$2:'Ops'!$G$20,2,FALSE),"000000"),2)),2) -> 00 | Q51: {=BIN2HEX(_xlfn.IFS(D51="HWINTEN","10",G51="KeyAck","01",G51="InitLp8","01",TRUE,"00")&IF(OR(Ops!$O$2:'Ops'!$O$13=K51),VLOOKUP(K51,Ops!$O$2:'Ops'!$P$13,2,FALSE),"000")&IF(E51<>"",IF(LEN(_xlfn.XLOOKUP($E51,$C$5:$C$681,$B$5:$B$681,0))=3,HEX2BIN(LEFT(_xlfn.XLOOKUP($E51,$C$5:$C$681,$B$5:$B$681,0),1),3),IF(OR(Ops!$L$2:'Ops'!$L$11=J51),VLOOKUP(J51,Ops!$L$2:'Ops'!$M$11,2,FALSE),"000")),IF(OR(Ops!$L$2:'Ops'!$L$11=J51),VLOOKUP(J51,Ops!$L$2:'Ops'!$M$11,2,FALSE),"000")),2)} -> 00 | Z51: =IF(O51="", "};", "0x"&O51&",") -> 0x04, | AA51: ="0x"&P51&"," -> 0x00, | AB51: ="0x"&Q51&"," -> 0x00,
A52: =A51+3 -> 162 | B52: =DEC2HEX(A52) -> A2 | F52: 4 | O52: {=BIN2HEX(IF(I52<>"",VLOOKUP(I52,Ops!$I$2:'Ops'!$J$13,2,FALSE),IF(ISNUMBER(SEARCH("BR",D52)),"001","000"))&IF(D52<>"",VLOOKUP(D52,Ops!$B$2:'Ops'!$C$23,2,FALSE),"0")&_xlfn.IFS(ISNUMBER(SEARCH("BR",D52)),VLOOKUP(D52,Ops!$B$3:'Ops'!$D$22,3,FALSE),F52<>"",VLOOKUP(F52,Ops!$R$2:'Ops'!$S$11,2),L52<>"",VLOOKUP(L52,Ops!$R$2:'Ops'!$S$25,2,FALSE),TRUE,"0000"),2)} -> 04 | P52: =RIGHT(IF($E52<>"",_xlfn.XLOOKUP($E52,$C$4:$C$681,$B$4:$B$681,"NO LABEL"),BIN2HEX(IF(N52="CarryEn","1","0")&IF(M52="SubXY","1","0")&IF(H52<>"",VLOOKUP(H52,Ops!$F$2:'Ops'!$G$20,2,FALSE),"000000"),2)),2) -> 00 | Q52: {=BIN2HEX(_xlfn.IFS(D52="HWINTEN","10",G52="KeyAck","01",G52="InitLp8","01",TRUE,"00")&IF(OR(Ops!$O$2:'Ops'!$O$13=K52),VLOOKUP(K52,Ops!$O$2:'Ops'!$P$13,2,FALSE),"000")&IF(E52<>"",IF(LEN(_xlfn.XLOOKUP($E52,$C$5:$C$681,$B$5:$B$681,0))=3,HEX2BIN(LEFT(_xlfn.XLOOKUP($E52,$C$5:$C$681,$B$5:$B$681,0),1),3),IF(OR(Ops!$L$2:'Ops'!$L$11=J52),VLOOKUP(J52,Ops!$L$2:'Ops'!$M$11,2,FALSE),"000")),IF(OR(Ops!$L$2:'Ops'!$L$11=J52),VLOOKUP(J52,Ops!$L$2:'Ops'!$M$11,2,FALSE),"000")),2)} -> 00 | Z52: =IF(O52="", "};", "0x"&O52&",") -> 0x04, | AA52: ="0x"&P52&"," -> 0x00, | AB52: ="0x"&Q52&"," -> 0x00,
A53: =A52+3 -> 165 | B53: =DEC2HEX(A53) -> A5 | F53: 4 | O53: {=BIN2HEX(IF(I53<>"",VLOOKUP(I53,Ops!$I$2:'Ops'!$J$13,2,FALSE),IF(ISNUMBER(SEARCH("BR",D53)),"001","000"))&IF(D53<>"",VLOOKUP(D53,Ops!$B$2:'Ops'!$C$23,2,FALSE),"0")&_xlfn.IFS(ISNUMBER(SEARCH("BR",D53)),VLOOKUP(D53,Ops!$B$3:'Ops'!$D$22,3,FALSE),F53<>"",VLOOKUP(F53,Ops!$R$2:'Ops'!$S$11,2),L53<>"",VLOOKUP(L53,Ops!$R$2:'Ops'!$S$25,2,FALSE),TRUE,"0000"),2)} -> 04 | P53: =RIGHT(IF($E53<>"",_xlfn.XLOOKUP($E53,$C$4:$C$681,$B$4:$B$681,"NO LABEL"),BIN2HEX(IF(N53="CarryEn","1","0")&IF(M53="SubXY","1","0")&IF(H53<>"",VLOOKUP(H53,Ops!$F$2:'Ops'!$G$20,2,FALSE),"000000"),2)),2) -> 00 | Q53: {=BIN2HEX(_xlfn.IFS(D53="HWINTEN","10",G53="KeyAck","01",G53="InitLp8","01",TRUE,"00")&IF(OR(Ops!$O$2:'Ops'!$O$13=K53),VLOOKUP(K53,Ops!$O$2:'Ops'!$P$13,2,FALSE),"000")&IF(E53<>"",IF(LEN(_xlfn.XLOOKUP($E53,$C$5:$C$681,$B$5:$B$681,0))=3,HEX2BIN(LEFT(_xlfn.XLOOKUP($E53,$C$5:$C$681,$B$5:$B$681,0),1),3),IF(OR(Ops!$L$2:'Ops'!$L$11=J53),VLOOKUP(J53,Ops!$L$2:'Ops'!$M$11,2,FALSE),"000")),IF(OR(Ops!$L$2:'Ops'!$L$11=J53),VLOOKUP(J53,Ops!$L$2:'Ops'!$M$11,2,FALSE),"000")),2)} -> 00 | Z53: =IF(O53="", "};", "0x"&O53&",") -> 0x04, | AA53: ="0x"&P53&"," -> 0x00, | AB53: ="0x"&Q53&"," -> 0x00,
A54: =A53+3 -> 168 | B54: =DEC2HEX(A54) -> A8 | F54: 4 | O54: {=BIN2HEX(IF(I54<>"",VLOOKUP(I54,Ops!$I$2:'Ops'!$J$13,2,FALSE),IF(ISNUMBER(SEARCH("BR",D54)),"001","000"))&IF(D54<>"",VLOOKUP(D54,Ops!$B$2:'Ops'!$C$23,2,FALSE),"0")&_xlfn.IFS(ISNUMBER(SEARCH("BR",D54)),VLOOKUP(D54,Ops!$B$3:'Ops'!$D$22,3,FALSE),F54<>"",VLOOKUP(F54,Ops!$R$2:'Ops'!$S$11,2),L54<>"",VLOOKUP(L54,Ops!$R$2:'Ops'!$S$25,2,FALSE),TRUE,"0000"),2)} -> 04 | P54: =RIGHT(IF($E54<>"",_xlfn.XLOOKUP($E54,$C$4:$C$681,$B$4:$B$681,"NO LABEL"),BIN2HEX(IF(N54="CarryEn","1","0")&IF(M54="SubXY","1","0")&IF(H54<>"",VLOOKUP(H54,Ops!$F$2:'Ops'!$G$20,2,FALSE),"000000"),2)),2) -> 00 | Q54: {=BIN2HEX(_xlfn.IFS(D54="HWINTEN","10",G54="KeyAck","01",G54="InitLp8","01",TRUE,"00")&IF(OR(Ops!$O$2:'Ops'!$O$13=K54),VLOOKUP(K54,Ops!$O$2:'Ops'!$P$13,2,FALSE),"000")&IF(E54<>"",IF(LEN(_xlfn.XLOOKUP($E54,$C$5:$C$681,$B$5:$B$681,0))=3,HEX2BIN(LEFT(_xlfn.XLOOKUP($E54,$C$5:$C$681,$B$5:$B$681,0),1),3),IF(OR(Ops!$L$2:'Ops'!$L$11=J54),VLOOKUP(J54,Ops!$L$2:'Ops'!$M$11,2,FALSE),"000")),IF(OR(Ops!$L$2:'Ops'!$L$11=J54),VLOOKUP(J54,Ops!$L$2:'Ops'!$M$11,2,FALSE),"000")),2)} -> 00 | Z54: =IF(O54="", "};", "0x"&O54&",") -> 0x04, | AA54: ="0x"&P54&"," -> 0x00, | AB54: ="0x"&Q54&"," -> 0x00,
A55: =A54+3 -> 171 | B55: =DEC2HEX(A55) -> AB | F55: 4 | H55: CircX | I55: SelXReg | J55: SelXXlsd | O55: {=BIN2HEX(IF(I55<>"",VLOOKUP(I55,Ops!$I$2:'Ops'!$J$13,2,FALSE),IF(ISNUMBER(SEARCH("BR",D55)),"001","000"))&IF(D55<>"",VLOOKUP(D55,Ops!$B$2:'Ops'!$C$23,2,FALSE),"0")&_xlfn.IFS(ISNUMBER(SEARCH("BR",D55)),VLOOKUP(D55,Ops!$B$3:'Ops'!$D$22,3,FALSE),F55<>"",VLOOKUP(F55,Ops!$R$2:'Ops'!$S$11,2),L55<>"",VLOOKUP(L55,Ops!$R$2:'Ops'!$S$25,2,FALSE),TRUE,"0000"),2)} -> 24 | P55: =RIGHT(IF($E55<>"",_xlfn.XLOOKUP($E55,$C$4:$C$681,$B$4:$B$681,"NO LABEL"),BIN2HEX(IF(N55="CarryEn","1","0")&IF(M55="SubXY","1","0")&IF(H55<>"",VLOOKUP(H55,Ops!$F$2:'Ops'!$G$20,2,FALSE),"000000"),2)),2) -> 01 | Q55: {=BIN2HEX(_xlfn.IFS(D55="HWINTEN","10",G55="KeyAck","01",G55="InitLp8","01",TRUE,"00")&IF(OR(Ops!$O$2:'Ops'!$O$13=K55),VLOOKUP(K55,Ops!$O$2:'Ops'!$P$13,2,FALSE),"000")&IF(E55<>"",IF(LEN(_xlfn.XLOOKUP($E55,$C$5:$C$681,$B$5:$B$681,0))=3,HEX2BIN(LEFT(_xlfn.XLOOKUP($E55,$C$5:$C$681,$B$5:$B$681,0),1),3),IF(OR(Ops!$L$2:'Ops'!$L$11=J55),VLOOKUP(J55,Ops!$L$2:'Ops'!$M$11,2,FALSE),"000")),IF(OR(Ops!$L$2:'Ops'!$L$11=J55),VLOOKUP(J55,Ops!$L$2:'Ops'!$M$11,2,FALSE),"000")),2)} -> 00 | Z55: =IF(O55="", "};", "0x"&O55&",") -> 0x24, | AA55: ="0x"&P55&"," -> 0x01, | AB55: ="0x"&Q55&"," -> 0x00,
A56: =A55+3 -> 174 | B56: =DEC2HEX(A56) -> AE | F56: 5 | O56: {=BIN2HEX(IF(I56<>"",VLOOKUP(I56,Ops!$I$2:'Ops'!$J$13,2,FALSE),IF(ISNUMBER(SEARCH("BR",D56)),"001","000"))&IF(D56<>"",VLOOKUP(D56,Ops!$B$2:'Ops'!$C$23,2,FALSE),"0")&_xlfn.IFS(ISNUMBER(SEARCH("BR",D56)),VLOOKUP(D56,Ops!$B$3:'Ops'!$D$22,3,FALSE),F56<>"",VLOOKUP(F56,Ops!$R$2:'Ops'!$S$11,2),L56<>"",VLOOKUP(L56,Ops!$R$2:'Ops'!$S$25,2,FALSE),TRUE,"0000"),2)} -> 05 | P56: =RIGHT(IF($E56<>"",_xlfn.XLOOKUP($E56,$C$4:$C$681,$B$4:$B$681,"NO LABEL"),BIN2HEX(IF(N56="CarryEn","1","0")&IF(M56="SubXY","1","0")&IF(H56<>"",VLOOKUP(H56,Ops!$F$2:'Ops'!$G$20,2,FALSE),"000000"),2)),2) -> 00 | Q56: {=BIN2HEX(_xlfn.IFS(D56="HWINTEN","10",G56="KeyAck","01",G56="InitLp8","01",TRUE,"00")&IF(OR(Ops!$O$2:'Ops'!$O$13=K56),VLOOKUP(K56,Ops!$O$2:'Ops'!$P$13,2,FALSE),"000")&IF(E56<>"",IF(LEN(_xlfn.XLOOKUP($E56,$C$5:$C$681,$B$5:$B$681,0))=3,HEX2BIN(LEFT(_xlfn.XLOOKUP($E56,$C$5:$C$681,$B$5:$B$681,0),1),3),IF(OR(Ops!$L$2:'Ops'!$L$11=J56),VLOOKUP(J56,Ops!$L$2:'Ops'!$M$11,2,FALSE),"000")),IF(OR(Ops!$L$2:'Ops'!$L$11=J56),VLOOKUP(J56,Ops!$L$2:'Ops'!$M$11,2,FALSE),"000")),2)} -> 00 | Z56: =IF(O56="", "};", "0x"&O56&",") -> 0x05, | AA56: ="0x"&P56&"," -> 0x00, | AB56: ="0x"&Q56&"," -> 0x00,
A57: =A56+3 -> 177 | B57: =DEC2HEX(A57) -> B1 | F57: 5 | O57: {=BIN2HEX(IF(I57<>"",VLOOKUP(I57,Ops!$I$2:'Ops'!$J$13,2,FALSE),IF(ISNUMBER(SEARCH("BR",D57)),"001","000"))&IF(D57<>"",VLOOKUP(D57,Ops!$B$2:'Ops'!$C$23,2,FALSE),"0")&_xlfn.IFS(ISNUMBER(SEARCH("BR",D57)),VLOOKUP(D57,Ops!$B$3:'Ops'!$D$22,3,FALSE),F57<>"",VLOOKUP(F57,Ops!$R$2:'Ops'!$S$11,2),L57<>"",VLOOKUP(L57,Ops!$R$2:'Ops'!$S$25,2,FALSE),TRUE,"0000"),2)} -> 05 | P57: =RIGHT(IF($E57<>"",_xlfn.XLOOKUP($E57,$C$4:$C$681,$B$4:$B$681,"NO LABEL"),BIN2HEX(IF(N57="CarryEn","1","0")&IF(M57="SubXY","1","0")&IF(H57<>"",VLOOKUP(H57,Ops!$F$2:'Ops'!$G$20,2,FALSE),"000000"),2)),2) -> 00 | Q57: {=BIN2HEX(_xlfn.IFS(D57="HWINTEN","10",G57="KeyAck","01",G57="InitLp8","01",TRUE,"00")&IF(OR(Ops!$O$2:'Ops'!$O$13=K57),VLOOKUP(K57,Ops!$O$2:'Ops'!$P$13,2,FALSE),"000")&IF(E57<>"",IF(LEN(_xlfn.XLOOKUP($E57,$C$5:$C$681,$B$5:$B$681,0))=3,HEX2BIN(LEFT(_xlfn.XLOOKUP($E57,$C$5:$C$681,$B$5:$B$681,0),1),3),IF(OR(Ops!$L$2:'Ops'!$L$11=J57),VLOOKUP(J57,Ops!$L$2:'Ops'!$M$11,2,FALSE),"000")),IF(OR(Ops!$L$2:'Ops'!$L$11=J57),VLOOKUP(J57,Ops!$L$2:'Ops'!$M$11,2,FALSE),"000")),2)} -> 00 | Z57: =IF(O57="", "};", "0x"&O57&",") -> 0x05, | AA57: ="0x"&P57&"," -> 0x00, | AB57: ="0x"&Q57&"," -> 0x00,
A58: =A57+3 -> 180 | B58: =DEC2HEX(A58) -> B4 | F58: 5 | O58: {=BIN2HEX(IF(I58<>"",VLOOKUP(I58,Ops!$I$2:'Ops'!$J$13,2,FALSE),IF(ISNUMBER(SEARCH("BR",D58)),"001","000"))&IF(D58<>"",VLOOKUP(D58,Ops!$B$2:'Ops'!$C$23,2,FALSE),"0")&_xlfn.IFS(ISNUMBER(SEARCH("BR",D58)),VLOOKUP(D58,Ops!$B$3:'Ops'!$D$22,3,FALSE),F58<>"",VLOOKUP(F58,Ops!$R$2:'Ops'!$S$11,2),L58<>"",VLOOKUP(L58,Ops!$R$2:'Ops'!$S$25,2,FALSE),TRUE,"0000"),2)} -> 05 | P58: =RIGHT(IF($E58<>"",_xlfn.XLOOKUP($E58,$C$4:$C$681,$B$4:$B$681,"NO LABEL"),BIN2HEX(IF(N58="CarryEn","1","0")&IF(M58="SubXY","1","0")&IF(H58<>"",VLOOKUP(H58,Ops!$F$2:'Ops'!$G$20,2,FALSE),"000000"),2)),2) -> 00 | Q58: {=BIN2HEX(_xlfn.IFS(D58="HWINTEN","10",G58="KeyAck","01",G58="InitLp8","01",TRUE,"00")&IF(OR(Ops!$O$2:'Ops'!$O$13=K58),VLOOKUP(K58,Ops!$O$2:'Ops'!$P$13,2,FALSE),"000")&IF(E58<>"",IF(LEN(_xlfn.XLOOKUP($E58,$C$5:$C$681,$B$5:$B$681,0))=3,HEX2BIN(LEFT(_xlfn.XLOOKUP($E58,$C$5:$C$681,$B$5:$B$681,0),1),3),IF(OR(Ops!$L$2:'Ops'!$L$11=J58),VLOOKUP(J58,Ops!$L$2:'Ops'!$M$11,2,FALSE),"000")),IF(OR(Ops!$L$2:'Ops'!$L$11=J58),VLOOKUP(J58,Ops!$L$2:'Ops'!$M$11,2,FALSE),"000")),2)} -> 00 | Z58: =IF(O58="", "};", "0x"&O58&",") -> 0x05, | AA58: ="0x"&P58&"," -> 0x00, | AB58: ="0x"&Q58&"," -> 0x00,
A59: =A58+3 -> 183 | B59: =DEC2HEX(A59) -> B7 | F59: 5 | O59: {=BIN2HEX(IF(I59<>"",VLOOKUP(I59,Ops!$I$2:'Ops'!$J$13,2,FALSE),IF(ISNUMBER(SEARCH("BR",D59)),"001","000"))&IF(D59<>"",VLOOKUP(D59,Ops!$B$2:'Ops'!$C$23,2,FALSE),"0")&_xlfn.IFS(ISNUMBER(SEARCH("BR",D59)),VLOOKUP(D59,Ops!$B$3:'Ops'!$D$22,3,FALSE),F59<>"",VLOOKUP(F59,Ops!$R$2:'Ops'!$S$11,2),L59<>"",VLOOKUP(L59,Ops!$R$2:'Ops'!$S$25,2,FALSE),TRUE,"0000"),2)} -> 05 | P59: =RIGHT(IF($E59<>"",_xlfn.XLOOKUP($E59,$C$4:$C$681,$B$4:$B$681,"NO LABEL"),BIN2HEX(IF(N59="CarryEn","1","0")&IF(M59="SubXY","1","0")&IF(H59<>"",VLOOKUP(H59,Ops!$F$2:'Ops'!$G$20,2,FALSE),"000000"),2)),2) -> 00 | Q59: {=BIN2HEX(_xlfn.IFS(D59="HWINTEN","10",G59="KeyAck","01",G59="InitLp8","01",TRUE,"00")&IF(OR(Ops!$O$2:'Ops'!$O$13=K59),VLOOKUP(K59,Ops!$O$2:'Ops'!$P$13,2,FALSE),"000")&IF(E59<>"",IF(LEN(_xlfn.XLOOKUP($E59,$C$5:$C$681,$B$5:$B$681,0))=3,HEX2BIN(LEFT(_xlfn.XLOOKUP($E59,$C$5:$C$681,$B$5:$B$681,0),1),3),IF(OR(Ops!$L$2:'Ops'!$L$11=J59),VLOOKUP(J59,Ops!$L$2:'Ops'!$M$11,2,FALSE),"000")),IF(OR(Ops!$L$2:'Ops'!$L$11=J59),VLOOKUP(J59,Ops!$L$2:'Ops'!$M$11,2,FALSE),"000")),2)} -> 00 | Z59: =IF(O59="", "};", "0x"&O59&",") -> 0x05, | AA59: ="0x"&P59&"," -> 0x00, | AB59: ="0x"&Q59&"," -> 0x00,
A60: =A59+3 -> 186 | B60: =DEC2HEX(A60) -> BA | F60: 5 | H60: CircX | I60: SelXReg | J60: SelXXlsd | O60: {=BIN2HEX(IF(I60<>"",VLOOKUP(I60,Ops!$I$2:'Ops'!$J$13,2,FALSE),IF(ISNUMBER(SEARCH("BR",D60)),"001","000"))&IF(D60<>"",VLOOKUP(D60,Ops!$B$2:'Ops'!$C$23,2,FALSE),"0")&_xlfn.IFS(ISNUMBER(SEARCH("BR",D60)),VLOOKUP(D60,Ops!$B$3:'Ops'!$D$22,3,FALSE),F60<>"",VLOOKUP(F60,Ops!$R$2:'Ops'!$S$11,2),L60<>"",VLOOKUP(L60,Ops!$R$2:'Ops'!$S$25,2,FALSE),TRUE,"0000"),2)} -> 25 | P60: =RIGHT(IF($E60<>"",_xlfn.XLOOKUP($E60,$C$4:$C$681,$B$4:$B$681,"NO LABEL"),BIN2HEX(IF(N60="CarryEn","1","0")&IF(M60="SubXY","1","0")&IF(H60<>"",VLOOKUP(H60,Ops!$F$2:'Ops'!$G$20,2,FALSE),"000000"),2)),2) -> 01 | Q60: {=BIN2HEX(_xlfn.IFS(D60="HWINTEN","10",G60="KeyAck","01",G60="InitLp8","01",TRUE,"00")&IF(OR(Ops!$O$2:'Ops'!$O$13=K60),VLOOKUP(K60,Ops!$O$2:'Ops'!$P$13,2,FALSE),"000")&IF(E60<>"",IF(LEN(_xlfn.XLOOKUP($E60,$C$5:$C$681,$B$5:$B$681,0))=3,HEX2BIN(LEFT(_xlfn.XLOOKUP($E60,$C$5:$C$681,$B$5:$B$681,0),1),3),IF(OR(Ops!$L$2:'Ops'!$L$11=J60),VLOOKUP(J60,Ops!$L$2:'Ops'!$M$11,2,FALSE),"000")),IF(OR(Ops!$L$2:'Ops'!$L$11=J60),VLOOKUP(J60,Ops!$L$2:'Ops'!$M$11,2,FALSE),"000")),2)} -> 00 | Z60: =IF(O60="", "};", "0x"&O60&",") -> 0x25, | AA60: ="0x"&P60&"," -> 0x01, | AB60: ="0x"&Q60&"," -> 0x00,
A61: =A60+3 -> 189 | B61: =DEC2HEX(A61) -> BD | F61: 6 | O61: {=BIN2HEX(IF(I61<>"",VLOOKUP(I61,Ops!$I$2:'Ops'!$J$13,2,FALSE),IF(ISNUMBER(SEARCH("BR",D61)),"001","000"))&IF(D61<>"",VLOOKUP(D61,Ops!$B$2:'Ops'!$C$23,2,FALSE),"0")&_xlfn.IFS(ISNUMBER(SEARCH("BR",D61)),VLOOKUP(D61,Ops!$B$3:'Ops'!$D$22,3,FALSE),F61<>"",VLOOKUP(F61,Ops!$R$2:'Ops'!$S$11,2),L61<>"",VLOOKUP(L61,Ops!$R$2:'Ops'!$S$25,2,FALSE),TRUE,"0000"),2)} -> 06 | P61: =RIGHT(IF($E61<>"",_xlfn.XLOOKUP($E61,$C$4:$C$681,$B$4:$B$681,"NO LABEL"),BIN2HEX(IF(N61="CarryEn","1","0")&IF(M61="SubXY","1","0")&IF(H61<>"",VLOOKUP(H61,Ops!$F$2:'Ops'!$G$20,2,FALSE),"000000"),2)),2) -> 00 | Q61: {=BIN2HEX(_xlfn.IFS(D61="HWINTEN","10",G61="KeyAck","01",G61="InitLp8","01",TRUE,"00")&IF(OR(Ops!$O$2:'Ops'!$O$13=K61),VLOOKUP(K61,Ops!$O$2:'Ops'!$P$13,2,FALSE),"000")&IF(E61<>"",IF(LEN(_xlfn.XLOOKUP($E61,$C$5:$C$681,$B$5:$B$681,0))=3,HEX2BIN(LEFT(_xlfn.XLOOKUP($E61,$C$5:$C$681,$B$5:$B$681,0),1),3),IF(OR(Ops!$L$2:'Ops'!$L$11=J61),VLOOKUP(J61,Ops!$L$2:'Ops'!$M$11,2,FALSE),"000")),IF(OR(Ops!$L$2:'Ops'!$L$11=J61),VLOOKUP(J61,Ops!$L$2:'Ops'!$M$11,2,FALSE),"000")),2)} -> 00 | Z61: =IF(O61="", "};", "0x"&O61&",") -> 0x06, | AA61: ="0x"&P61&"," -> 0x00, | AB61: ="0x"&Q61&"," -> 0x00,
A62: =A61+3 -> 192 | B62: =DEC2HEX(A62) -> C0 | F62: 6 | O62: {=BIN2HEX(IF(I62<>"",VLOOKUP(I62,Ops!$I$2:'Ops'!$J$13,2,FALSE),IF(ISNUMBER(SEARCH("BR",D62)),"001","000"))&IF(D62<>"",VLOOKUP(D62,Ops!$B$2:'Ops'!$C$23,2,FALSE),"0")&_xlfn.IFS(ISNUMBER(SEARCH("BR",D62)),VLOOKUP(D62,Ops!$B$3:'Ops'!$D$22,3,FALSE),F62<>"",VLOOKUP(F62,Ops!$R$2:'Ops'!$S$11,2),L62<>"",VLOOKUP(L62,Ops!$R$2:'Ops'!$S$25,2,FALSE),TRUE,"0000"),2)} -> 06 | P62: =RIGHT(IF($E62<>"",_xlfn.XLOOKUP($E62,$C$4:$C$681,$B$4:$B$681,"NO LABEL"),BIN2HEX(IF(N62="CarryEn","1","0")&IF(M62="SubXY","1","0")&IF(H62<>"",VLOOKUP(H62,Ops!$F$2:'Ops'!$G$20,2,FALSE),"000000"),2)),2) -> 00 | Q62: {=BIN2HEX(_xlfn.IFS(D62="HWINTEN","10",G62="KeyAck","01",G62="InitLp8","01",TRUE,"00")&IF(OR(Ops!$O$2:'Ops'!$O$13=K62),VLOOKUP(K62,Ops!$O$2:'Ops'!$P$13,2,FALSE),"000")&IF(E62<>"",IF(LEN(_xlfn.XLOOKUP($E62,$C$5:$C$681,$B$5:$B$681,0))=3,HEX2BIN(LEFT(_xlfn.XLOOKUP($E62,$C$5:$C$681,$B$5:$B$681,0),1),3),IF(OR(Ops!$L$2:'Ops'!$L$11=J62),VLOOKUP(J62,Ops!$L$2:'Ops'!$M$11,2,FALSE),"000")),IF(OR(Ops!$L$2:'Ops'!$L$11=J62),VLOOKUP(J62,Ops!$L$2:'Ops'!$M$11,2,FALSE),"000")),2)} -> 00 | Z62: =IF(O62="", "};", "0x"&O62&",") -> 0x06, | AA62: ="0x"&P62&"," -> 0x00, | AB62: ="0x"&Q62&"," -> 0x00,
A63: =A62+3 -> 195 | B63: =DEC2HEX(A63) -> C3 | F63: 6 | O63: {=BIN2HEX(IF(I63<>"",VLOOKUP(I63,Ops!$I$2:'Ops'!$J$13,2,FALSE),IF(ISNUMBER(SEARCH("BR",D63)),"001","000"))&IF(D63<>"",VLOOKUP(D63,Ops!$B$2:'Ops'!$C$23,2,FALSE),"0")&_xlfn.IFS(ISNUMBER(SEARCH("BR",D63)),VLOOKUP(D63,Ops!$B$3:'Ops'!$D$22,3,FALSE),F63<>"",VLOOKUP(F63,Ops!$R$2:'Ops'!$S$11,2),L63<>"",VLOOKUP(L63,Ops!$R$2:'Ops'!$S$25,2,FALSE),TRUE,"0000"),2)} -> 06 | P63: =RIGHT(IF($E63<>"",_xlfn.XLOOKUP($E63,$C$4:$C$681,$B$4:$B$681,"NO LABEL"),BIN2HEX(IF(N63="CarryEn","1","0")&IF(M63="SubXY","1","0")&IF(H63<>"",VLOOKUP(H63,Ops!$F$2:'Ops'!$G$20,2,FALSE),"000000"),2)),2) -> 00 | Q63: {=BIN2HEX(_xlfn.IFS(D63="HWINTEN","10",G63="KeyAck","01",G63="InitLp8","01",TRUE,"00")&IF(OR(Ops!$O$2:'Ops'!$O$13=K63),VLOOKUP(K63,Ops!$O$2:'Ops'!$P$13,2,FALSE),"000")&IF(E63<>"",IF(LEN(_xlfn.XLOOKUP($E63,$C$5:$C$681,$B$5:$B$681,0))=3,HEX2BIN(LEFT(_xlfn.XLOOKUP($E63,$C$5:$C$681,$B$5:$B$681,0),1),3),IF(OR(Ops!$L$2:'Ops'!$L$11=J63),VLOOKUP(J63,Ops!$L$2:'Ops'!$M$11,2,FALSE),"000")),IF(OR(Ops!$L$2:'Ops'!$L$11=J63),VLOOKUP(J63,Ops!$L$2:'Ops'!$M$11,2,FALSE),"000")),2)} -> 00 | Z63: =IF(O63="", "};", "0x"&O63&",") -> 0x06, | AA63: ="0x"&P63&"," -> 0x00, | AB63: ="0x"&Q63&"," -> 0x00,
A64: =A63+3 -> 198 | B64: =DEC2HEX(A64) -> C6 | F64: 6 | O64: {=BIN2HEX(IF(I64<>"",VLOOKUP(I64,Ops!$I$2:'Ops'!$J$13,2,FALSE),IF(ISNUMBER(SEARCH("BR",D64)),"001","000"))&IF(D64<>"",VLOOKUP(D64,Ops!$B$2:'Ops'!$C$23,2,FALSE),"0")&_xlfn.IFS(ISNUMBER(SEARCH("BR",D64)),VLOOKUP(D64,Ops!$B$3:'Ops'!$D$22,3,FALSE),F64<>"",VLOOKUP(F64,Ops!$R$2:'Ops'!$S$11,2),L64<>"",VLOOKUP(L64,Ops!$R$2:'Ops'!$S$25,2,FALSE),TRUE,"0000"),2)} -> 06 | P64: =RIGHT(IF($E64<>"",_xlfn.XLOOKUP($E64,$C$4:$C$681,$B$4:$B$681,"NO LABEL"),BIN2HEX(IF(N64="CarryEn","1","0")&IF(M64="SubXY","1","0")&IF(H64<>"",VLOOKUP(H64,Ops!$F$2:'Ops'!$G$20,2,FALSE),"000000"),2)),2) -> 00 | Q64: {=BIN2HEX(_xlfn.IFS(D64="HWINTEN","10",G64="KeyAck","01",G64="InitLp8","01",TRUE,"00")&IF(OR(Ops!$O$2:'Ops'!$O$13=K64),VLOOKUP(K64,Ops!$O$2:'Ops'!$P$13,2,FALSE),"000")&IF(E64<>"",IF(LEN(_xlfn.XLOOKUP($E64,$C$5:$C$681,$B$5:$B$681,0))=3,HEX2BIN(LEFT(_xlfn.XLOOKUP($E64,$C$5:$C$681,$B$5:$B$681,0),1),3),IF(OR(Ops!$L$2:'Ops'!$L$11=J64),VLOOKUP(J64,Ops!$L$2:'Ops'!$M$11,2,FALSE),"000")),IF(OR(Ops!$L$2:'Ops'!$L$11=J64),VLOOKUP(J64,Ops!$L$2:'Ops'!$M$11,2,FALSE),"000")),2)} -> 00 | Z64: =IF(O64="", "};", "0x"&O64&",") -> 0x06, | AA64: ="0x"&P64&"," -> 0x00, | AB64: ="0x"&Q64&"," -> 0x00,
A65: =A64+3 -> 201 | B65: =DEC2HEX(A65) -> C9 | F65: 6 | H65: CircX | I65: SelXReg | J65: SelXXlsd | O65: {=BIN2HEX(IF(I65<>"",VLOOKUP(I65,Ops!$I$2:'Ops'!$J$13,2,FALSE),IF(ISNUMBER(SEARCH("BR",D65)),"001","000"))&IF(D65<>"",VLOOKUP(D65,Ops!$B$2:'Ops'!$C$23,2,FALSE),"0")&_xlfn.IFS(ISNUMBER(SEARCH("BR",D65)),VLOOKUP(D65,Ops!$B$3:'Ops'!$D$22,3,FALSE),F65<>"",VLOOKUP(F65,Ops!$R$2:'Ops'!$S$11,2),L65<>"",VLOOKUP(L65,Ops!$R$2:'Ops'!$S$25,2,FALSE),TRUE,"0000"),2)} -> 26 | P65: =RIGHT(IF($E65<>"",_xlfn.XLOOKUP($E65,$C$4:$C$681,$B$4:$B$681,"NO LABEL"),BIN2HEX(IF(N65="CarryEn","1","0")&IF(M65="SubXY","1","0")&IF(H65<>"",VLOOKUP(H65,Ops!$F$2:'Ops'!$G$20,2,FALSE),"000000"),2)),2) -> 01 | Q65: {=BIN2HEX(_xlfn.IFS(D65="HWINTEN","10",G65="KeyAck","01",G65="InitLp8","01",TRUE,"00")&IF(OR(Ops!$O$2:'Ops'!$O$13=K65),VLOOKUP(K65,Ops!$O$2:'Ops'!$P$13,2,FALSE),"000")&IF(E65<>"",IF(LEN(_xlfn.XLOOKUP($E65,$C$5:$C$681,$B$5:$B$681,0))=3,HEX2BIN(LEFT(_xlfn.XLOOKUP($E65,$C$5:$C$681,$B$5:$B$681,0),1),3),IF(OR(Ops!$L$2:'Ops'!$L$11=J65),VLOOKUP(J65,Ops!$L$2:'Ops'!$M$11,2,FALSE),"000")),IF(OR(Ops!$L$2:'Ops'!$L$11=J65),VLOOKUP(J65,Ops!$L$2:'Ops'!$M$11,2,FALSE),"000")),2)} -> 00 | Z65: =IF(O65="", "};", "0x"&O65&",") -> 0x26, | AA65: ="0x"&P65&"," -> 0x01, | AB65: ="0x"&Q65&"," -> 0x00,
A66: =A65+3 -> 204 | B66: =DEC2HEX(A66) -> CC | F66: 7 | O66: {=BIN2HEX(IF(I66<>"",VLOOKUP(I66,Ops!$I$2:'Ops'!$J$13,2,FALSE),IF(ISNUMBER(SEARCH("BR",D66)),"001","000"))&IF(D66<>"",VLOOKUP(D66,Ops!$B$2:'Ops'!$C$23,2,FALSE),"0")&_xlfn.IFS(ISNUMBER(SEARCH("BR",D66)),VLOOKUP(D66,Ops!$B$3:'Ops'!$D$22,3,FALSE),F66<>"",VLOOKUP(F66,Ops!$R$2:'Ops'!$S$11,2),L66<>"",VLOOKUP(L66,Ops!$R$2:'Ops'!$S$25,2,FALSE),TRUE,"0000"),2)} -> 07 | P66: =RIGHT(IF($E66<>"",_xlfn.XLOOKUP($E66,$C$4:$C$681,$B$4:$B$681,"NO LABEL"),BIN2HEX(IF(N66="CarryEn","1","0")&IF(M66="SubXY","1","0")&IF(H66<>"",VLOOKUP(H66,Ops!$F$2:'Ops'!$G$20,2,FALSE),"000000"),2)),2) -> 00 | Q66: {=BIN2HEX(_xlfn.IFS(D66="HWINTEN","10",G66="KeyAck","01",G66="InitLp8","01",TRUE,"00")&IF(OR(Ops!$O$2:'Ops'!$O$13=K66),VLOOKUP(K66,Ops!$O$2:'Ops'!$P$13,2,FALSE),"000")&IF(E66<>"",IF(LEN(_xlfn.XLOOKUP($E66,$C$5:$C$681,$B$5:$B$681,0))=3,HEX2BIN(LEFT(_xlfn.XLOOKUP($E66,$C$5:$C$681,$B$5:$B$681,0),1),3),IF(OR(Ops!$L$2:'Ops'!$L$11=J66),VLOOKUP(J66,Ops!$L$2:'Ops'!$M$11,2,FALSE),"000")),IF(OR(Ops!$L$2:'Ops'!$L$11=J66),VLOOKUP(J66,Ops!$L$2:'Ops'!$M$11,2,FALSE),"000")),2)} -> 00 | S66: Light up XDig8 | Z66: =IF(O66="", "};", "0x"&O66&",") -> 0x07, | AA66: ="0x"&P66&"," -> 0x00, | AB66: ="0x"&Q66&"," -> 0x00,
A67: =A66+3 -> 207 | B67: =DEC2HEX(A67) -> CF | F67: 7 | O67: {=BIN2HEX(IF(I67<>"",VLOOKUP(I67,Ops!$I$2:'Ops'!$J$13,2,FALSE),IF(ISNUMBER(SEARCH("BR",D67)),"001","000"))&IF(D67<>"",VLOOKUP(D67,Ops!$B$2:'Ops'!$C$23,2,FALSE),"0")&_xlfn.IFS(ISNUMBER(SEARCH("BR",D67)),VLOOKUP(D67,Ops!$B$3:'Ops'!$D$22,3,FALSE),F67<>"",VLOOKUP(F67,Ops!$R$2:'Ops'!$S$11,2),L67<>"",VLOOKUP(L67,Ops!$R$2:'Ops'!$S$25,2,FALSE),TRUE,"0000"),2)} -> 07 | P67: =RIGHT(IF($E67<>"",_xlfn.XLOOKUP($E67,$C$4:$C$681,$B$4:$B$681,"NO LABEL"),BIN2HEX(IF(N67="CarryEn","1","0")&IF(M67="SubXY","1","0")&IF(H67<>"",VLOOKUP(H67,Ops!$F$2:'Ops'!$G$20,2,FALSE),"000000"),2)),2) -> 00 | Q67: {=BIN2HEX(_xlfn.IFS(D67="HWINTEN","10",G67="KeyAck","01",G67="InitLp8","01",TRUE,"00")&IF(OR(Ops!$O$2:'Ops'!$O$13=K67),VLOOKUP(K67,Ops!$O$2:'Ops'!$P$13,2,FALSE),"000")&IF(E67<>"",IF(LEN(_xlfn.XLOOKUP($E67,$C$5:$C$681,$B$5:$B$681,0))=3,HEX2BIN(LEFT(_xlfn.XLOOKUP($E67,$C$5:$C$681,$B$5:$B$681,0),1),3),IF(OR(Ops!$L$2:'Ops'!$L$11=J67),VLOOKUP(J67,Ops!$L$2:'Ops'!$M$11,2,FALSE),"000")),IF(OR(Ops!$L$2:'Ops'!$L$11=J67),VLOOKUP(J67,Ops!$L$2:'Ops'!$M$11,2,FALSE),"000")),2)} -> 00 | Z67: =IF(O67="", "};", "0x"&O67&",") -> 0x07, | AA67: ="0x"&P67&"," -> 0x00, | AB67: ="0x"&Q67&"," -> 0x00,
A68: =A67+3 -> 210 | B68: =DEC2HEX(A68) -> D2 | F68: 7 | O68: {=BIN2HEX(IF(I68<>"",VLOOKUP(I68,Ops!$I$2:'Ops'!$J$13,2,FALSE),IF(ISNUMBER(SEARCH("BR",D68)),"001","000"))&IF(D68<>"",VLOOKUP(D68,Ops!$B$2:'Ops'!$C$23,2,FALSE),"0")&_xlfn.IFS(ISNUMBER(SEARCH("BR",D68)),VLOOKUP(D68,Ops!$B$3:'Ops'!$D$22,3,FALSE),F68<>"",VLOOKUP(F68,Ops!$R$2:'Ops'!$S$11,2),L68<>"",VLOOKUP(L68,Ops!$R$2:'Ops'!$S$25,2,FALSE),TRUE,"0000"),2)} -> 07 | P68: =RIGHT(IF($E68<>"",_xlfn.XLOOKUP($E68,$C$4:$C$681,$B$4:$B$681,"NO LABEL"),BIN2HEX(IF(N68="CarryEn","1","0")&IF(M68="SubXY","1","0")&IF(H68<>"",VLOOKUP(H68,Ops!$F$2:'Ops'!$G$20,2,FALSE),"000000"),2)),2) -> 00 | Q68: {=BIN2HEX(_xlfn.IFS(D68="HWINTEN","10",G68="KeyAck","01",G68="InitLp8","01",TRUE,"00")&IF(OR(Ops!$O$2:'Ops'!$O$13=K68),VLOOKUP(K68,Ops!$O$2:'Ops'!$P$13,2,FALSE),"000")&IF(E68<>"",IF(LEN(_xlfn.XLOOKUP($E68,$C$5:$C$681,$B$5:$B$681,0))=3,HEX2BIN(LEFT(_xlfn.XLOOKUP($E68,$C$5:$C$681,$B$5:$B$681,0),1),3),IF(OR(Ops!$L$2:'Ops'!$L$11=J68),VLOOKUP(J68,Ops!$L$2:'Ops'!$M$11,2,FALSE),"000")),IF(OR(Ops!$L$2:'Ops'!$L$11=J68),VLOOKUP(J68,Ops!$L$2:'Ops'!$M$11,2,FALSE),"000")),2)} -> 00 | Z68: =IF(O68="", "};", "0x"&O68&",") -> 0x07, | AA68: ="0x"&P68&"," -> 0x00, | AB68: ="0x"&Q68&"," -> 0x00,
A69: =A68+3 -> 213 | B69: =DEC2HEX(A69) -> D5 | F69: 7 | O69: {=BIN2HEX(IF(I69<>"",VLOOKUP(I69,Ops!$I$2:'Ops'!$J$13,2,FALSE),IF(ISNUMBER(SEARCH("BR",D69)),"001","000"))&IF(D69<>"",VLOOKUP(D69,Ops!$B$2:'Ops'!$C$23,2,FALSE),"0")&_xlfn.IFS(ISNUMBER(SEARCH("BR",D69)),VLOOKUP(D69,Ops!$B$3:'Ops'!$D$22,3,FALSE),F69<>"",VLOOKUP(F69,Ops!$R$2:'Ops'!$S$11,2),L69<>"",VLOOKUP(L69,Ops!$R$2:'Ops'!$S$25,2,FALSE),TRUE,"0000"),2)} -> 07 | P69: =RIGHT(IF($E69<>"",_xlfn.XLOOKUP($E69,$C$4:$C$681,$B$4:$B$681,"NO LABEL"),BIN2HEX(IF(N69="CarryEn","1","0")&IF(M69="SubXY","1","0")&IF(H69<>"",VLOOKUP(H69,Ops!$F$2:'Ops'!$G$20,2,FALSE),"000000"),2)),2) -> 00 | Q69: {=BIN2HEX(_xlfn.IFS(D69="HWINTEN","10",G69="KeyAck","01",G69="InitLp8","01",TRUE,"00")&IF(OR(Ops!$O$2:'Ops'!$O$13=K69),VLOOKUP(K69,Ops!$O$2:'Ops'!$P$13,2,FALSE),"000")&IF(E69<>"",IF(LEN(_xlfn.XLOOKUP($E69,$C$5:$C$681,$B$5:$B$681,0))=3,HEX2BIN(LEFT(_xlfn.XLOOKUP($E69,$C$5:$C$681,$B$5:$B$681,0),1),3),IF(OR(Ops!$L$2:'Ops'!$L$11=J69),VLOOKUP(J69,Ops!$L$2:'Ops'!$M$11,2,FALSE),"000")),IF(OR(Ops!$L$2:'Ops'!$L$11=J69),VLOOKUP(J69,Ops!$L$2:'Ops'!$M$11,2,FALSE),"000")),2)} -> 00 | Z69: =IF(O69="", "};", "0x"&O69&",") -> 0x07, | AA69: ="0x"&P69&"," -> 0x00, | AB69: ="0x"&Q69&"," -> 0x00,
A70: =A69+3 -> 216 | B70: =DEC2HEX(A70) -> D8 | F70: 7 | H70: CircX | I70: SelXReg | J70: SelXXlsd | O70: {=BIN2HEX(IF(I70<>"",VLOOKUP(I70,Ops!$I$2:'Ops'!$J$13,2,FALSE),IF(ISNUMBER(SEARCH("BR",D70)),"001","000"))&IF(D70<>"",VLOOKUP(D70,Ops!$B$2:'Ops'!$C$23,2,FALSE),"0")&_xlfn.IFS(ISNUMBER(SEARCH("BR",D70)),VLOOKUP(D70,Ops!$B$3:'Ops'!$D$22,3,FALSE),F70<>"",VLOOKUP(F70,Ops!$R$2:'Ops'!$S$11,2),L70<>"",VLOOKUP(L70,Ops!$R$2:'Ops'!$S$25,2,FALSE),TRUE,"0000"),2)} -> 27 | P70: =RIGHT(IF($E70<>"",_xlfn.XLOOKUP($E70,$C$4:$C$681,$B$4:$B$681,"NO LABEL"),BIN2HEX(IF(N70="CarryEn","1","0")&IF(M70="SubXY","1","0")&IF(H70<>"",VLOOKUP(H70,Ops!$F$2:'Ops'!$G$20,2,FALSE),"000000"),2)),2) -> 01 | Q70: {=BIN2HEX(_xlfn.IFS(D70="HWINTEN","10",G70="KeyAck","01",G70="InitLp8","01",TRUE,"00")&IF(OR(Ops!$O$2:'Ops'!$O$13=K70),VLOOKUP(K70,Ops!$O$2:'Ops'!$P$13,2,FALSE),"000")&IF(E70<>"",IF(LEN(_xlfn.XLOOKUP($E70,$C$5:$C$681,$B$5:$B$681,0))=3,HEX2BIN(LEFT(_xlfn.XLOOKUP($E70,$C$5:$C$681,$B$5:$B$681,0),1),3),IF(OR(Ops!$L$2:'Ops'!$L$11=J70),VLOOKUP(J70,Ops!$L$2:'Ops'!$M$11,2,FALSE),"000")),IF(OR(Ops!$L$2:'Ops'!$L$11=J70),VLOOKUP(J70,Ops!$L$2:'Ops'!$M$11,2,FALSE),"000")),2)} -> 00 | Z70: =IF(O70="", "};", "0x"&O70&",") -> 0x27, | AA70: ="0x"&P70&"," -> 0x01, | AB70: ="0x"&Q70&"," -> 0x00,
A71: =A70+3 -> 219 | B71: =DEC2HEX(A71) -> DB | F71: 8 | O71: {=BIN2HEX(IF(I71<>"",VLOOKUP(I71,Ops!$I$2:'Ops'!$J$13,2,FALSE),IF(ISNUMBER(SEARCH("BR",D71)),"001","000"))&IF(D71<>"",VLOOKUP(D71,Ops!$B$2:'Ops'!$C$23,2,FALSE),"0")&_xlfn.IFS(ISNUMBER(SEARCH("BR",D71)),VLOOKUP(D71,Ops!$B$3:'Ops'!$D$22,3,FALSE),F71<>"",VLOOKUP(F71,Ops!$R$2:'Ops'!$S$11,2),L71<>"",VLOOKUP(L71,Ops!$R$2:'Ops'!$S$25,2,FALSE),TRUE,"0000"),2)} -> 08 | P71: =RIGHT(IF($E71<>"",_xlfn.XLOOKUP($E71,$C$4:$C$681,$B$4:$B$681,"NO LABEL"),BIN2HEX(IF(N71="CarryEn","1","0")&IF(M71="SubXY","1","0")&IF(H71<>"",VLOOKUP(H71,Ops!$F$2:'Ops'!$G$20,2,FALSE),"000000"),2)),2) -> 00 | Q71: {=BIN2HEX(_xlfn.IFS(D71="HWINTEN","10",G71="KeyAck","01",G71="InitLp8","01",TRUE,"00")&IF(OR(Ops!$O$2:'Ops'!$O$13=K71),VLOOKUP(K71,Ops!$O$2:'Ops'!$P$13,2,FALSE),"000")&IF(E71<>"",IF(LEN(_xlfn.XLOOKUP($E71,$C$5:$C$681,$B$5:$B$681,0))=3,HEX2BIN(LEFT(_xlfn.XLOOKUP($E71,$C$5:$C$681,$B$5:$B$681,0),1),3),IF(OR(Ops!$L$2:'Ops'!$L$11=J71),VLOOKUP(J71,Ops!$L$2:'Ops'!$M$11,2,FALSE),"000")),IF(OR(Ops!$L$2:'Ops'!$L$11=J71),VLOOKUP(J71,Ops!$L$2:'Ops'!$M$11,2,FALSE),"000")),2)} -> 00 | S71: Light up sign and error digit. Then turn display OFF | Z71: =IF(O71="", "};", "0x"&O71&",") -> 0x08, | AA71: ="0x"&P71&"," -> 0x00, | AB71: ="0x"&Q71&"," -> 0x00,
A72: =A71+3 -> 222 | B72: =DEC2HEX(A72) -> DE | F72: 8 | O72: {=BIN2HEX(IF(I72<>"",VLOOKUP(I72,Ops!$I$2:'Ops'!$J$13,2,FALSE),IF(ISNUMBER(SEARCH("BR",D72)),"001","000"))&IF(D72<>"",VLOOKUP(D72,Ops!$B$2:'Ops'!$C$23,2,FALSE),"0")&_xlfn.IFS(ISNUMBER(SEARCH("BR",D72)),VLOOKUP(D72,Ops!$B$3:'Ops'!$D$22,3,FALSE),F72<>"",VLOOKUP(F72,Ops!$R$2:'Ops'!$S$11,2),L72<>"",VLOOKUP(L72,Ops!$R$2:'Ops'!$S$25,2,FALSE),TRUE,"0000"),2)} -> 08 | P72: =RIGHT(IF($E72<>"",_xlfn.XLOOKUP($E72,$C$4:$C$681,$B$4:$B$681,"NO LABEL"),BIN2HEX(IF(N72="CarryEn","1","0")&IF(M72="SubXY","1","0")&IF(H72<>"",VLOOKUP(H72,Ops!$F$2:'Ops'!$G$20,2,FALSE),"000000"),2)),2) -> 00 | Q72: {=BIN2HEX(_xlfn.IFS(D72="HWINTEN","10",G72="KeyAck","01",G72="InitLp8","01",TRUE,"00")&IF(OR(Ops!$O$2:'Ops'!$O$13=K72),VLOOKUP(K72,Ops!$O$2:'Ops'!$P$13,2,FALSE),"000")&IF(E72<>"",IF(LEN(_xlfn.XLOOKUP($E72,$C$5:$C$681,$B$5:$B$681,0))=3,HEX2BIN(LEFT(_xlfn.XLOOKUP($E72,$C$5:$C$681,$B$5:$B$681,0),1),3),IF(OR(Ops!$L$2:'Ops'!$L$11=J72),VLOOKUP(J72,Ops!$L$2:'Ops'!$M$11,2,FALSE),"000")),IF(OR(Ops!$L$2:'Ops'!$L$11=J72),VLOOKUP(J72,Ops!$L$2:'Ops'!$M$11,2,FALSE),"000")),2)} -> 00 | Z72: =IF(O72="", "};", "0x"&O72&",") -> 0x08, | AA72: ="0x"&P72&"," -> 0x00, | AB72: ="0x"&Q72&"," -> 0x00,
A73: =A72+3 -> 225 | B73: =DEC2HEX(A73) -> E1 | F73: 8 | O73: {=BIN2HEX(IF(I73<>"",VLOOKUP(I73,Ops!$I$2:'Ops'!$J$13,2,FALSE),IF(ISNUMBER(SEARCH("BR",D73)),"001","000"))&IF(D73<>"",VLOOKUP(D73,Ops!$B$2:'Ops'!$C$23,2,FALSE),"0")&_xlfn.IFS(ISNUMBER(SEARCH("BR",D73)),VLOOKUP(D73,Ops!$B$3:'Ops'!$D$22,3,FALSE),F73<>"",VLOOKUP(F73,Ops!$R$2:'Ops'!$S$11,2),L73<>"",VLOOKUP(L73,Ops!$R$2:'Ops'!$S$25,2,FALSE),TRUE,"0000"),2)} -> 08 | P73: =RIGHT(IF($E73<>"",_xlfn.XLOOKUP($E73,$C$4:$C$681,$B$4:$B$681,"NO LABEL"),BIN2HEX(IF(N73="CarryEn","1","0")&IF(M73="SubXY","1","0")&IF(H73<>"",VLOOKUP(H73,Ops!$F$2:'Ops'!$G$20,2,FALSE),"000000"),2)),2) -> 00 | Q73: {=BIN2HEX(_xlfn.IFS(D73="HWINTEN","10",G73="KeyAck","01",G73="InitLp8","01",TRUE,"00")&IF(OR(Ops!$O$2:'Ops'!$O$13=K73),VLOOKUP(K73,Ops!$O$2:'Ops'!$P$13,2,FALSE),"000")&IF(E73<>"",IF(LEN(_xlfn.XLOOKUP($E73,$C$5:$C$681,$B$5:$B$681,0))=3,HEX2BIN(LEFT(_xlfn.XLOOKUP($E73,$C$5:$C$681,$B$5:$B$681,0),1),3),IF(OR(Ops!$L$2:'Ops'!$L$11=J73),VLOOKUP(J73,Ops!$L$2:'Ops'!$M$11,2,FALSE),"000")),IF(OR(Ops!$L$2:'Ops'!$L$11=J73),VLOOKUP(J73,Ops!$L$2:'Ops'!$M$11,2,FALSE),"000")),2)} -> 00 | Z73: =IF(O73="", "};", "0x"&O73&",") -> 0x08, | AA73: ="0x"&P73&"," -> 0x00, | AB73: ="0x"&Q73&"," -> 0x00,
A74: =A73+3 -> 228 | B74: =DEC2HEX(A74) -> E4 | F74: 8 | O74: {=BIN2HEX(IF(I74<>"",VLOOKUP(I74,Ops!$I$2:'Ops'!$J$13,2,FALSE),IF(ISNUMBER(SEARCH("BR",D74)),"001","000"))&IF(D74<>"",VLOOKUP(D74,Ops!$B$2:'Ops'!$C$23,2,FALSE),"0")&_xlfn.IFS(ISNUMBER(SEARCH("BR",D74)),VLOOKUP(D74,Ops!$B$3:'Ops'!$D$22,3,FALSE),F74<>"",VLOOKUP(F74,Ops!$R$2:'Ops'!$S$11,2),L74<>"",VLOOKUP(L74,Ops!$R$2:'Ops'!$S$25,2,FALSE),TRUE,"0000"),2)} -> 08 | P74: =RIGHT(IF($E74<>"",_xlfn.XLOOKUP($E74,$C$4:$C$681,$B$4:$B$681,"NO LABEL"),BIN2HEX(IF(N74="CarryEn","1","0")&IF(M74="SubXY","1","0")&IF(H74<>"",VLOOKUP(H74,Ops!$F$2:'Ops'!$G$20,2,FALSE),"000000"),2)),2) -> 00 | Q74: {=BIN2HEX(_xlfn.IFS(D74="HWINTEN","10",G74="KeyAck","01",G74="InitLp8","01",TRUE,"00")&IF(OR(Ops!$O$2:'Ops'!$O$13=K74),VLOOKUP(K74,Ops!$O$2:'Ops'!$P$13,2,FALSE),"000")&IF(E74<>"",IF(LEN(_xlfn.XLOOKUP($E74,$C$5:$C$681,$B$5:$B$681,0))=3,HEX2BIN(LEFT(_xlfn.XLOOKUP($E74,$C$5:$C$681,$B$5:$B$681,0),1),3),IF(OR(Ops!$L$2:'Ops'!$L$11=J74),VLOOKUP(J74,Ops!$L$2:'Ops'!$M$11,2,FALSE),"000")),IF(OR(Ops!$L$2:'Ops'!$L$11=J74),VLOOKUP(J74,Ops!$L$2:'Ops'!$M$11,2,FALSE),"000")),2)} -> 00 | Z74: =IF(O74="", "};", "0x"&O74&",") -> 0x08, | AA74: ="0x"&P74&"," -> 0x00, | AB74: ="0x"&Q74&"," -> 0x00,
A75: =A74+3 -> 231 | B75: =DEC2HEX(A75) -> E7 | F75: 8 | O75: {=BIN2HEX(IF(I75<>"",VLOOKUP(I75,Ops!$I$2:'Ops'!$J$13,2,FALSE),IF(ISNUMBER(SEARCH("BR",D75)),"001","000"))&IF(D75<>"",VLOOKUP(D75,Ops!$B$2:'Ops'!$C$23,2,FALSE),"0")&_xlfn.IFS(ISNUMBER(SEARCH("BR",D75)),VLOOKUP(D75,Ops!$B$3:'Ops'!$D$22,3,FALSE),F75<>"",VLOOKUP(F75,Ops!$R$2:'Ops'!$S$11,2),L75<>"",VLOOKUP(L75,Ops!$R$2:'Ops'!$S$25,2,FALSE),TRUE,"0000"),2)} -> 08 | P75: =RIGHT(IF($E75<>"",_xlfn.XLOOKUP($E75,$C$4:$C$681,$B$4:$B$681,"NO LABEL"),BIN2HEX(IF(N75="CarryEn","1","0")&IF(M75="SubXY","1","0")&IF(H75<>"",VLOOKUP(H75,Ops!$F$2:'Ops'!$G$20,2,FALSE),"000000"),2)),2) -> 00 | Q75: {=BIN2HEX(_xlfn.IFS(D75="HWINTEN","10",G75="KeyAck","01",G75="InitLp8","01",TRUE,"00")&IF(OR(Ops!$O$2:'Ops'!$O$13=K75),VLOOKUP(K75,Ops!$O$2:'Ops'!$P$13,2,FALSE),"000")&IF(E75<>"",IF(LEN(_xlfn.XLOOKUP($E75,$C$5:$C$681,$B$5:$B$681,0))=3,HEX2BIN(LEFT(_xlfn.XLOOKUP($E75,$C$5:$C$681,$B$5:$B$681,0),1),3),IF(OR(Ops!$L$2:'Ops'!$L$11=J75),VLOOKUP(J75,Ops!$L$2:'Ops'!$M$11,2,FALSE),"000")),IF(OR(Ops!$L$2:'Ops'!$L$11=J75),VLOOKUP(J75,Ops!$L$2:'Ops'!$M$11,2,FALSE),"000")),2)} -> 00 | Z75: =IF(O75="", "};", "0x"&O75&",") -> 0x08, | AA75: ="0x"&P75&"," -> 0x00, | AB75: ="0x"&Q75&"," -> 0x00,
A76: =A75+3 -> 234 | B76: =DEC2HEX(A76) -> EA | C76: ROW0 | F76: 0 | G76: KeyAck | K76: RowHold | O76: {=BIN2HEX(IF(I76<>"",VLOOKUP(I76,Ops!$I$2:'Ops'!$J$13,2,FALSE),IF(ISNUMBER(SEARCH("BR",D76)),"001","000"))&IF(D76<>"",VLOOKUP(D76,Ops!$B$2:'Ops'!$C$23,2,FALSE),"0")&_xlfn.IFS(ISNUMBER(SEARCH("BR",D76)),VLOOKUP(D76,Ops!$B$3:'Ops'!$D$22,3,FALSE),F76<>"",VLOOKUP(F76,Ops!$R$2:'Ops'!$S$11,2),L76<>"",VLOOKUP(L76,Ops!$R$2:'Ops'!$S$25,2,FALSE),TRUE,"0000"),2)} -> 00 | P76: =RIGHT(IF($E76<>"",_xlfn.XLOOKUP($E76,$C$4:$C$681,$B$4:$B$681,"NO LABEL"),BIN2HEX(IF(N76="CarryEn","1","0")&IF(M76="SubXY","1","0")&IF(H76<>"",VLOOKUP(H76,Ops!$F$2:'Ops'!$G$20,2,FALSE),"000000"),2)),2) -> 00 | Q76: {=BIN2HEX(_xlfn.IFS(D76="HWINTEN","10",G76="KeyAck","01",G76="InitLp8","01",TRUE,"00")&IF(OR(Ops!$O$2:'Ops'!$O$13=K76),VLOOKUP(K76,Ops!$O$2:'Ops'!$P$13,2,FALSE),"000")&IF(E76<>"",IF(LEN(_xlfn.XLOOKUP($E76,$C$5:$C$681,$B$5:$B$681,0))=3,HEX2BIN(LEFT(_xlfn.XLOOKUP($E76,$C$5:$C$681,$B$5:$B$681,0),1),3),IF(OR(Ops!$L$2:'Ops'!$L$11=J76),VLOOKUP(J76,Ops!$L$2:'Ops'!$M$11,2,FALSE),"000")),IF(OR(Ops!$L$2:'Ops'!$L$11=J76),VLOOKUP(J76,Ops!$L$2:'Ops'!$M$11,2,FALSE),"000")),2)} -> 78 | S76: Assert row0 (at ph1 of cycle) and hold to drive continuously. Enable KeyReg (with KeyAck at ph4 of cycle) to capture whatever the keyboard is presenting. | Z76: =IF(O76="", "};", "0x"&O76&",") -> 0x00, | AA76: ="0x"&P76&"," -> 0x00, | AB76: ="0x"&Q76&"," -> 0x78,
A77: =A76+3 -> 237 | B77: =DEC2HEX(A77) -> ED | D77: BRNoKeyDet | E77: ROW2 | K77: RowHold | O77: {=BIN2HEX(IF(I77<>"",VLOOKUP(I77,Ops!$I$2:'Ops'!$J$15,2,FALSE),IF(ISNUMBER(SEARCH("BR",D77)),"001","000"))&IF(D77<>"",VLOOKUP(D77,Ops!$B$2:'Ops'!$C$23,2,FALSE),"0")&_xlfn.IFS(ISNUMBER(SEARCH("BR",D77)),VLOOKUP(D77,Ops!$B$3:'Ops'!$D$22,3,FALSE),F77<>"",VLOOKUP(F77,Ops!$R$2:'Ops'!$S$11,2),L77<>"",VLOOKUP(L77,Ops!$R$2:'Ops'!$S$25,2,FALSE),TRUE,"0000"),2)} -> 3B | P77: =RIGHT(IF($E77<>"",_xlfn.XLOOKUP($E77,$C$4:$C$681,$B$4:$B$681,"NO LABEL"),BIN2HEX(IF(N77="CarryEn","1","0")&IF(M77="SubXY","1","0")&IF(H77<>"",VLOOKUP(H77,Ops!$F$2:'Ops'!$G$20,2,FALSE),"000000"),2)),2) -> F3 | Q77: {=BIN2HEX(_xlfn.IFS(D77="HWINTEN","10",G77="KeyAck","01",G77="InitLp8","01",TRUE,"00")&IF(OR(Ops!$O$2:'Ops'!$O$13=K77),VLOOKUP(K77,Ops!$O$2:'Ops'!$P$13,2,FALSE),"000")&IF(E77<>"",IF(LEN(_xlfn.XLOOKUP($E77,$C$5:$C$681,$B$5:$B$681,0))=3,HEX2BIN(LEFT(_xlfn.XLOOKUP($E77,$C$5:$C$681,$B$5:$B$681,0),1),3),IF(OR(Ops!$L$2:'Ops'!$L$11=J77),VLOOKUP(J77,Ops!$L$2:'Ops'!$M$11,2,FALSE),"000")),IF(OR(Ops!$L$2:'Ops'!$L$11=J77),VLOOKUP(J77,Ops!$L$2:'Ops'!$M$11,2,FALSE),"000")),2)} -> 38 | S77: If no key is pressed then move on to row2 assertion. | Z77: =IF(O77="", "};", "0x"&O77&",") -> 0x3B, | AA77: ="0x"&P77&"," -> 0xF3, | AB77: ="0x"&Q77&"," -> 0x38,
A78: =A77+3 -> 240 | B78: =DEC2HEX(A78) -> F0 | D78: JMP | E78: KEYREL | K78: RowHold | O78: {=BIN2HEX(IF(I78<>"",VLOOKUP(I78,Ops!$I$2:'Ops'!$J$15,2,FALSE),IF(ISNUMBER(SEARCH("BR",D78)),"001","000"))&IF(D78<>"",VLOOKUP(D78,Ops!$B$2:'Ops'!$C$23,2,FALSE),"0")&_xlfn.IFS(ISNUMBER(SEARCH("BR",D78)),VLOOKUP(D78,Ops!$B$3:'Ops'!$D$22,3,FALSE),F78<>"",VLOOKUP(F78,Ops!$R$2:'Ops'!$S$11,2),L78<>"",VLOOKUP(L78,Ops!$R$2:'Ops'!$S$25,2,FALSE),TRUE,"0000"),2)} -> 10 | P78: =RIGHT(IF($E78<>"",_xlfn.XLOOKUP($E78,$C$4:$C$681,$B$4:$B$681,"NO LABEL"),BIN2HEX(IF(N78="CarryEn","1","0")&IF(M78="SubXY","1","0")&IF(H78<>"",VLOOKUP(H78,Ops!$F$2:'Ops'!$G$20,2,FALSE),"000000"),2)),2) -> 17 | Q78: {=BIN2HEX(_xlfn.IFS(D78="HWINTEN","10",G78="KeyAck","01",G78="InitLp8","01",TRUE,"00")&IF(OR(Ops!$O$2:'Ops'!$O$13=K78),VLOOKUP(K78,Ops!$O$2:'Ops'!$P$13,2,FALSE),"000")&IF(E78<>"",IF(LEN(_xlfn.XLOOKUP($E78,$C$5:$C$681,$B$5:$B$681,0))=3,HEX2BIN(LEFT(_xlfn.XLOOKUP($E78,$C$5:$C$681,$B$5:$B$681,0),1),3),IF(OR(Ops!$L$2:'Ops'!$L$11=J78),VLOOKUP(J78,Ops!$L$2:'Ops'!$M$11,2,FALSE),"000")),IF(OR(Ops!$L$2:'Ops'!$L$11=J78),VLOOKUP(J78,Ops!$L$2:'Ops'!$M$11,2,FALSE),"000")),2)} -> 39 | S78: Since key is pressed, go to the release key loop to wait out the key press. | Z78: =IF(O78="", "};", "0x"&O78&",") -> 0x10, | AA78: ="0x"&P78&"," -> 0x17, | AB78: ="0x"&Q78&"," -> 0x39,
A79: =A78+3 -> 243 | B79: =DEC2HEX(A79) -> F3 | C79: ROW2 | F79: 0 | O79: {=BIN2HEX(IF(I79<>"",VLOOKUP(I79,Ops!$I$2:'Ops'!$J$15,2,FALSE),IF(ISNUMBER(SEARCH("BR",D79)),"001","000"))&IF(D79<>"",VLOOKUP(D79,Ops!$B$2:'Ops'!$C$23,2,FALSE),"0")&_xlfn.IFS(ISNUMBER(SEARCH("BR",D79)),VLOOKUP(D79,Ops!$B$3:'Ops'!$D$22,3,FALSE),F79<>"",VLOOKUP(F79,Ops!$R$2:'Ops'!$S$11,2),L79<>"",VLOOKUP(L79,Ops!$R$2:'Ops'!$S$25,2,FALSE),TRUE,"0000"),2)} -> 00 | P79: =RIGHT(IF($E79<>"",_xlfn.XLOOKUP($E79,$C$4:$C$681,$B$4:$B$681,"NO LABEL"),BIN2HEX(IF(N79="CarryEn","1","0")&IF(M79="SubXY","1","0")&IF(H79<>"",VLOOKUP(H79,Ops!$F$2:'Ops'!$G$20,2,FALSE),"000000"),2)),2) -> 00 | Q79: {=BIN2HEX(_xlfn.IFS(D79="HWINTEN","10",G79="KeyAck","01",G79="InitLp8","01",TRUE,"00")&IF(OR(Ops!$O$2:'Ops'!$O$13=K79),VLOOKUP(K79,Ops!$O$2:'Ops'!$P$13,2,FALSE),"000")&IF(E79<>"",IF(LEN(_xlfn.XLOOKUP($E79,$C$5:$C$681,$B$5:$B$681,0))=3,HEX2BIN(LEFT(_xlfn.XLOOKUP($E79,$C$5:$C$681,$B$5:$B$681,0),1),3),IF(OR(Ops!$L$2:'Ops'!$L$11=J79),VLOOKUP(J79,Ops!$L$2:'Ops'!$M$11,2,FALSE),"000")),IF(OR(Ops!$L$2:'Ops'!$L$11=J79),VLOOKUP(J79,Ops!$L$2:'Ops'!$M$11,2,FALSE),"000")),2)} -> 00 | S79: Allow RowHold to deassert and open hold latch. | Z79: =IF(O79="", "};", "0x"&O79&",") -> 0x00, | AA79: ="0x"&P79&"," -> 0x00, | AB79: ="0x"&Q79&"," -> 0x00,
A80: =A79+3 -> 246 | B80: =DEC2HEX(A80) -> F6 | F80: 2 | G80: KeyAck | K80: RowHold | O80: {=BIN2HEX(IF(I80<>"",VLOOKUP(I80,Ops!$I$2:'Ops'!$J$15,2,FALSE),IF(ISNUMBER(SEARCH("BR",D80)),"001","000"))&IF(D80<>"",VLOOKUP(D80,Ops!$B$2:'Ops'!$C$23,2,FALSE),"0")&_xlfn.IFS(ISNUMBER(SEARCH("BR",D80)),VLOOKUP(D80,Ops!$B$3:'Ops'!$D$22,3,FALSE),F80<>"",VLOOKUP(F80,Ops!$R$2:'Ops'!$S$11,2),L80<>"",VLOOKUP(L80,Ops!$R$2:'Ops'!$S$25,2,FALSE),TRUE,"0000"),2)} -> 02 | P80: =RIGHT(IF($E80<>"",_xlfn.XLOOKUP($E80,$C$4:$C$681,$B$4:$B$681,"NO LABEL"),BIN2HEX(IF(N80="CarryEn","1","0")&IF(M80="SubXY","1","0")&IF(H80<>"",VLOOKUP(H80,Ops!$F$2:'Ops'!$G$20,2,FALSE),"000000"),2)),2) -> 00 | Q80: {=BIN2HEX(_xlfn.IFS(D80="HWINTEN","10",G80="KeyAck","01",G80="InitLp8","01",TRUE,"00")&IF(OR(Ops!$O$2:'Ops'!$O$13=K80),VLOOKUP(K80,Ops!$O$2:'Ops'!$P$13,2,FALSE),"000")&IF(E80<>"",IF(LEN(_xlfn.XLOOKUP($E80,$C$5:$C$681,$B$5:$B$681,0))=3,HEX2BIN(LEFT(_xlfn.XLOOKUP($E80,$C$5:$C$681,$B$5:$B$681,0),1),3),IF(OR(Ops!$L$2:'Ops'!$L$11=J80),VLOOKUP(J80,Ops!$L$2:'Ops'!$M$11,2,FALSE),"000")),IF(OR(Ops!$L$2:'Ops'!$L$11=J80),VLOOKUP(J80,Ops!$L$2:'Ops'!$M$11,2,FALSE),"000")),2)} -> 78 | S80: Assert row2 | Z80: =IF(O80="", "};", "0x"&O80&",") -> 0x02, | AA80: ="0x"&P80&"," -> 0x00, | AB80: ="0x"&Q80&"," -> 0x78,
A81: =A80+3 -> 249 | B81: =DEC2HEX(A81) -> F9 | D81: BRNoKeyDet | E81: ROW4 | K81: RowHold | O81: {=BIN2HEX(IF(I81<>"",VLOOKUP(I81,Ops!$I$2:'Ops'!$J$15,2,FALSE),IF(ISNUMBER(SEARCH("BR",D81)),"001","000"))&IF(D81<>"",VLOOKUP(D81,Ops!$B$2:'Ops'!$C$23,2,FALSE),"0")&_xlfn.IFS(ISNUMBER(SEARCH("BR",D81)),VLOOKUP(D81,Ops!$B$3:'Ops'!$D$22,3,FALSE),F81<>"",VLOOKUP(F81,Ops!$R$2:'Ops'!$S$11,2),L81<>"",VLOOKUP(L81,Ops!$R$2:'Ops'!$S$25,2,FALSE),TRUE,"0000"),2)} -> 3B | P81: =RIGHT(IF($E81<>"",_xlfn.XLOOKUP($E81,$C$4:$C$681,$B$4:$B$681,"NO LABEL"),BIN2HEX(IF(N81="CarryEn","1","0")&IF(M81="SubXY","1","0")&IF(H81<>"",VLOOKUP(H81,Ops!$F$2:'Ops'!$G$20,2,FALSE),"000000"),2)),2) -> FF | Q81: {=BIN2HEX(_xlfn.IFS(D81="HWINTEN","10",G81="KeyAck","01",G81="InitLp8","01",TRUE,"00")&IF(OR(Ops!$O$2:'Ops'!$O$13=K81),VLOOKUP(K81,Ops!$O$2:'Ops'!$P$13,2,FALSE),"000")&IF(E81<>"",IF(LEN(_xlfn.XLOOKUP($E81,$C$5:$C$681,$B$5:$B$681,0))=3,HEX2BIN(LEFT(_xlfn.XLOOKUP($E81,$C$5:$C$681,$B$5:$B$681,0),1),3),IF(OR(Ops!$L$2:'Ops'!$L$11=J81),VLOOKUP(J81,Ops!$L$2:'Ops'!$M$11,2,FALSE),"000")),IF(OR(Ops!$L$2:'Ops'!$L$11=J81),VLOOKUP(J81,Ops!$L$2:'Ops'!$M$11,2,FALSE),"000")),2)} -> 38 | Z81: =IF(O81="", "};", "0x"&O81&",") -> 0x3B, | AA81: ="0x"&P81&"," -> 0xFF, | AB81: ="0x"&Q81&"," -> 0x38,
A82: =A81+3 -> 252 | B82: =DEC2HEX(A82) -> FC | D82: JMP | E82: KEYREL | K82: RowHold | O82: {=BIN2HEX(IF(I82<>"",VLOOKUP(I82,Ops!$I$2:'Ops'!$J$15,2,FALSE),IF(ISNUMBER(SEARCH("BR",D82)),"001","000"))&IF(D82<>"",VLOOKUP(D82,Ops!$B$2:'Ops'!$C$23,2,FALSE),"0")&_xlfn.IFS(ISNUMBER(SEARCH("BR",D82)),VLOOKUP(D82,Ops!$B$3:'Ops'!$D$22,3,FALSE),F82<>"",VLOOKUP(F82,Ops!$R$2:'Ops'!$S$11,2),L82<>"",VLOOKUP(L82,Ops!$R$2:'Ops'!$S$25,2,FALSE),TRUE,"0000"),2)} -> 10 | P82: =RIGHT(IF($E82<>"",_xlfn.XLOOKUP($E82,$C$4:$C$681,$B$4:$B$681,"NO LABEL"),BIN2HEX(IF(N82="CarryEn","1","0")&IF(M82="SubXY","1","0")&IF(H82<>"",VLOOKUP(H82,Ops!$F$2:'Ops'!$G$20,2,FALSE),"000000"),2)),2) -> 17 | Q82: {=BIN2HEX(_xlfn.IFS(D82="HWINTEN","10",G82="KeyAck","01",G82="InitLp8","01",TRUE,"00")&IF(OR(Ops!$O$2:'Ops'!$O$13=K82),VLOOKUP(K82,Ops!$O$2:'Ops'!$P$13,2,FALSE),"000")&IF(E82<>"",IF(LEN(_xlfn.XLOOKUP($E82,$C$5:$C$681,$B$5:$B$681,0))=3,HEX2BIN(LEFT(_xlfn.XLOOKUP($E82,$C$5:$C$681,$B$5:$B$681,0),1),3),IF(OR(Ops!$L$2:'Ops'!$L$11=J82),VLOOKUP(J82,Ops!$L$2:'Ops'!$M$11,2,FALSE),"000")),IF(OR(Ops!$L$2:'Ops'!$L$11=J82),VLOOKUP(J82,Ops!$L$2:'Ops'!$M$11,2,FALSE),"000")),2)} -> 39 | Z82: =IF(O82="", "};", "0x"&O82&",") -> 0x10, | AA82: ="0x"&P82&"," -> 0x17, | AB82: ="0x"&Q82&"," -> 0x39,
A83: =A82+3 -> 255 | B83: =DEC2HEX(A83) -> FF | C83: ROW4 | F83: 0 | O83: {=BIN2HEX(IF(I83<>"",VLOOKUP(I83,Ops!$I$2:'Ops'!$J$15,2,FALSE),IF(ISNUMBER(SEARCH("BR",D83)),"001","000"))&IF(D83<>"",VLOOKUP(D83,Ops!$B$2:'Ops'!$C$23,2,FALSE),"0")&_xlfn.IFS(ISNUMBER(SEARCH("BR",D83)),VLOOKUP(D83,Ops!$B$3:'Ops'!$D$22,3,FALSE),F83<>"",VLOOKUP(F83,Ops!$R$2:'Ops'!$S$11,2),L83<>"",VLOOKUP(L83,Ops!$R$2:'Ops'!$S$25,2,FALSE),TRUE,"0000"),2)} -> 00 | P83: =RIGHT(IF($E83<>"",_xlfn.XLOOKUP($E83,$C$4:$C$681,$B$4:$B$681,"NO LABEL"),BIN2HEX(IF(N83="CarryEn","1","0")&IF(M83="SubXY","1","0")&IF(H83<>"",VLOOKUP(H83,Ops!$F$2:'Ops'!$G$20,2,FALSE),"000000"),2)),2) -> 00 | Q83: {=BIN2HEX(_xlfn.IFS(D83="HWINTEN","10",G83="KeyAck","01",G83="InitLp8","01",TRUE,"00")&IF(OR(Ops!$O$2:'Ops'!$O$13=K83),VLOOKUP(K83,Ops!$O$2:'Ops'!$P$13,2,FALSE),"000")&IF(E83<>"",IF(LEN(_xlfn.XLOOKUP($E83,$C$5:$C$681,$B$5:$B$681,0))=3,HEX2BIN(LEFT(_xlfn.XLOOKUP($E83,$C$5:$C$681,$B$5:$B$681,0),1),3),IF(OR(Ops!$L$2:'Ops'!$L$11=J83),VLOOKUP(J83,Ops!$L$2:'Ops'!$M$11,2,FALSE),"000")),IF(OR(Ops!$L$2:'Ops'!$L$11=J83),VLOOKUP(J83,Ops!$L$2:'Ops'!$M$11,2,FALSE),"000")),2)} -> 00 | Z83: =IF(O83="", "};", "0x"&O83&",") -> 0x00, | AA83: ="0x"&P83&"," -> 0x00, | AB83: ="0x"&Q83&"," -> 0x00,
A84: =A83+3 -> 258 | B84: =DEC2HEX(A84) -> 102 | F84: 4 | G84: KeyAck | K84: RowHold | O84: {=BIN2HEX(IF(I84<>"",VLOOKUP(I84,Ops!$I$2:'Ops'!$J$15,2,FALSE),IF(ISNUMBER(SEARCH("BR",D84)),"001","000"))&IF(D84<>"",VLOOKUP(D84,Ops!$B$2:'Ops'!$C$23,2,FALSE),"0")&_xlfn.IFS(ISNUMBER(SEARCH("BR",D84)),VLOOKUP(D84,Ops!$B$3:'Ops'!$D$22,3,FALSE),F84<>"",VLOOKUP(F84,Ops!$R$2:'Ops'!$S$11,2),L84<>"",VLOOKUP(L84,Ops!$R$2:'Ops'!$S$25,2,FALSE),TRUE,"0000"),2)} -> 04 | P84: =RIGHT(IF($E84<>"",_xlfn.XLOOKUP($E84,$C$4:$C$681,$B$4:$B$681,"NO LABEL"),BIN2HEX(IF(N84="CarryEn","1","0")&IF(M84="SubXY","1","0")&IF(H84<>"",VLOOKUP(H84,Ops!$F$2:'Ops'!$G$20,2,FALSE),"000000"),2)),2) -> 00 | Q84: {=BIN2HEX(_xlfn.IFS(D84="HWINTEN","10",G84="KeyAck","01",G84="InitLp8","01",TRUE,"00")&IF(OR(Ops!$O$2:'Ops'!$O$13=K84),VLOOKUP(K84,Ops!$O$2:'Ops'!$P$13,2,FALSE),"000")&IF(E84<>"",IF(LEN(_xlfn.XLOOKUP($E84,$C$5:$C$681,$B$5:$B$681,0))=3,HEX2BIN(LEFT(_xlfn.XLOOKUP($E84,$C$5:$C$681,$B$5:$B$681,0),1),3),IF(OR(Ops!$L$2:'Ops'!$L$11=J84),VLOOKUP(J84,Ops!$L$2:'Ops'!$M$11,2,FALSE),"000")),IF(OR(Ops!$L$2:'Ops'!$L$11=J84),VLOOKUP(J84,Ops!$L$2:'Ops'!$M$11,2,FALSE),"000")),2)} -> 78 | S84: Assert row 4 | Z84: =IF(O84="", "};", "0x"&O84&",") -> 0x04, | AA84: ="0x"&P84&"," -> 0x00, | AB84: ="0x"&Q84&"," -> 0x78,
A85: =A84+3 -> 261 | B85: =DEC2HEX(A85) -> 105 | D85: BRNoKeyDet | E85: ROW6 | K85: RowHold | O85: {=BIN2HEX(IF(I85<>"",VLOOKUP(I85,Ops!$I$2:'Ops'!$J$15,2,FALSE),IF(ISNUMBER(SEARCH("BR",D85)),"001","000"))&IF(D85<>"",VLOOKUP(D85,Ops!$B$2:'Ops'!$C$23,2,FALSE),"0")&_xlfn.IFS(ISNUMBER(SEARCH("BR",D85)),VLOOKUP(D85,Ops!$B$3:'Ops'!$D$22,3,FALSE),F85<>"",VLOOKUP(F85,Ops!$R$2:'Ops'!$S$11,2),L85<>"",VLOOKUP(L85,Ops!$R$2:'Ops'!$S$25,2,FALSE),TRUE,"0000"),2)} -> 3B | P85: =RIGHT(IF($E85<>"",_xlfn.XLOOKUP($E85,$C$4:$C$681,$B$4:$B$681,"NO LABEL"),BIN2HEX(IF(N85="CarryEn","1","0")&IF(M85="SubXY","1","0")&IF(H85<>"",VLOOKUP(H85,Ops!$F$2:'Ops'!$G$20,2,FALSE),"000000"),2)),2) -> 0B | Q85: {=BIN2HEX(_xlfn.IFS(D85="HWINTEN","10",G85="KeyAck","01",G85="InitLp8","01",TRUE,"00")&IF(OR(Ops!$O$2:'Ops'!$O$13=K85),VLOOKUP(K85,Ops!$O$2:'Ops'!$P$13,2,FALSE),"000")&IF(E85<>"",IF(LEN(_xlfn.XLOOKUP($E85,$C$5:$C$681,$B$5:$B$681,0))=3,HEX2BIN(LEFT(_xlfn.XLOOKUP($E85,$C$5:$C$681,$B$5:$B$681,0),1),3),IF(OR(Ops!$L$2:'Ops'!$L$11=J85),VLOOKUP(J85,Ops!$L$2:'Ops'!$M$11,2,FALSE),"000")),IF(OR(Ops!$L$2:'Ops'!$L$11=J85),VLOOKUP(J85,Ops!$L$2:'Ops'!$M$11,2,FALSE),"000")),2)} -> 39 | Z85: =IF(O85="", "};", "0x"&O85&",") -> 0x3B, | AA85: ="0x"&P85&"," -> 0x0B, | AB85: ="0x"&Q85&"," -> 0x39,
A86: =A85+3 -> 264 | B86: =DEC2HEX(A86) -> 108 | D86: JMP | E86: KEYREL | K86: RowHold | O86: {=BIN2HEX(IF(I86<>"",VLOOKUP(I86,Ops!$I$2:'Ops'!$J$15,2,FALSE),IF(ISNUMBER(SEARCH("BR",D86)),"001","000"))&IF(D86<>"",VLOOKUP(D86,Ops!$B$2:'Ops'!$C$23,2,FALSE),"0")&_xlfn.IFS(ISNUMBER(SEARCH("BR",D86)),VLOOKUP(D86,Ops!$B$3:'Ops'!$D$22,3,FALSE),F86<>"",VLOOKUP(F86,Ops!$R$2:'Ops'!$S$11,2),L86<>"",VLOOKUP(L86,Ops!$R$2:'Ops'!$S$25,2,FALSE),TRUE,"0000"),2)} -> 10 | P86: =RIGHT(IF($E86<>"",_xlfn.XLOOKUP($E86,$C$4:$C$681,$B$4:$B$681,"NO LABEL"),BIN2HEX(IF(N86="CarryEn","1","0")&IF(M86="SubXY","1","0")&IF(H86<>"",VLOOKUP(H86,Ops!$F$2:'Ops'!$G$20,2,FALSE),"000000"),2)),2) -> 17 | Q86: {=BIN2HEX(_xlfn.IFS(D86="HWINTEN","10",G86="KeyAck","01",G86="InitLp8","01",TRUE,"00")&IF(OR(Ops!$O$2:'Ops'!$O$13=K86),VLOOKUP(K86,Ops!$O$2:'Ops'!$P$13,2,FALSE),"000")&IF(E86<>"",IF(LEN(_xlfn.XLOOKUP($E86,$C$5:$C$681,$B$5:$B$681,0))=3,HEX2BIN(LEFT(_xlfn.XLOOKUP($E86,$C$5:$C$681,$B$5:$B$681,0),1),3),IF(OR(Ops!$L$2:'Ops'!$L$11=J86),VLOOKUP(J86,Ops!$L$2:'Ops'!$M$11,2,FALSE),"000")),IF(OR(Ops!$L$2:'Ops'!$L$11=J86),VLOOKUP(J86,Ops!$L$2:'Ops'!$M$11,2,FALSE),"000")),2)} -> 39 | Z86: =IF(O86="", "};", "0x"&O86&",") -> 0x10, | AA86: ="0x"&P86&"," -> 0x17, | AB86: ="0x"&Q86&"," -> 0x39,
A87: =A86+3 -> 267 | B87: =DEC2HEX(A87) -> 10B | C87: ROW6 | F87: 0 | O87: {=BIN2HEX(IF(I87<>"",VLOOKUP(I87,Ops!$I$2:'Ops'!$J$15,2,FALSE),IF(ISNUMBER(SEARCH("BR",D87)),"001","000"))&IF(D87<>"",VLOOKUP(D87,Ops!$B$2:'Ops'!$C$23,2,FALSE),"0")&_xlfn.IFS(ISNUMBER(SEARCH("BR",D87)),VLOOKUP(D87,Ops!$B$3:'Ops'!$D$22,3,FALSE),F87<>"",VLOOKUP(F87,Ops!$R$2:'Ops'!$S$11,2),L87<>"",VLOOKUP(L87,Ops!$R$2:'Ops'!$S$25,2,FALSE),TRUE,"0000"),2)} -> 00 | P87: =RIGHT(IF($E87<>"",_xlfn.XLOOKUP($E87,$C$4:$C$681,$B$4:$B$681,"NO LABEL"),BIN2HEX(IF(N87="CarryEn","1","0")&IF(M87="SubXY","1","0")&IF(H87<>"",VLOOKUP(H87,Ops!$F$2:'Ops'!$G$20,2,FALSE),"000000"),2)),2) -> 00 | Q87: {=BIN2HEX(_xlfn.IFS(D87="HWINTEN","10",G87="KeyAck","01",G87="InitLp8","01",TRUE,"00")&IF(OR(Ops!$O$2:'Ops'!$O$13=K87),VLOOKUP(K87,Ops!$O$2:'Ops'!$P$13,2,FALSE),"000")&IF(E87<>"",IF(LEN(_xlfn.XLOOKUP($E87,$C$5:$C$681,$B$5:$B$681,0))=3,HEX2BIN(LEFT(_xlfn.XLOOKUP($E87,$C$5:$C$681,$B$5:$B$681,0),1),3),IF(OR(Ops!$L$2:'Ops'!$L$11=J87),VLOOKUP(J87,Ops!$L$2:'Ops'!$M$11,2,FALSE),"000")),IF(OR(Ops!$L$2:'Ops'!$L$11=J87),VLOOKUP(J87,Ops!$L$2:'Ops'!$M$11,2,FALSE),"000")),2)} -> 00 | Z87: =IF(O87="", "};", "0x"&O87&",") -> 0x00, | AA87: ="0x"&P87&"," -> 0x00, | AB87: ="0x"&Q87&"," -> 0x00,
A88: =A87+3 -> 270 | B88: =DEC2HEX(A88) -> 10E | F88: 6 | G88: KeyAck | K88: RowHold | O88: {=BIN2HEX(IF(I88<>"",VLOOKUP(I88,Ops!$I$2:'Ops'!$J$15,2,FALSE),IF(ISNUMBER(SEARCH("BR",D88)),"001","000"))&IF(D88<>"",VLOOKUP(D88,Ops!$B$2:'Ops'!$C$23,2,FALSE),"0")&_xlfn.IFS(ISNUMBER(SEARCH("BR",D88)),VLOOKUP(D88,Ops!$B$3:'Ops'!$D$22,3,FALSE),F88<>"",VLOOKUP(F88,Ops!$R$2:'Ops'!$S$11,2),L88<>"",VLOOKUP(L88,Ops!$R$2:'Ops'!$S$25,2,FALSE),TRUE,"0000"),2)} -> 06 | P88: =RIGHT(IF($E88<>"",_xlfn.XLOOKUP($E88,$C$4:$C$681,$B$4:$B$681,"NO LABEL"),BIN2HEX(IF(N88="CarryEn","1","0")&IF(M88="SubXY","1","0")&IF(H88<>"",VLOOKUP(H88,Ops!$F$2:'Ops'!$G$20,2,FALSE),"000000"),2)),2) -> 00 | Q88: {=BIN2HEX(_xlfn.IFS(D88="HWINTEN","10",G88="KeyAck","01",G88="InitLp8","01",TRUE,"00")&IF(OR(Ops!$O$2:'Ops'!$O$13=K88),VLOOKUP(K88,Ops!$O$2:'Ops'!$P$13,2,FALSE),"000")&IF(E88<>"",IF(LEN(_xlfn.XLOOKUP($E88,$C$5:$C$681,$B$5:$B$681,0))=3,HEX2BIN(LEFT(_xlfn.XLOOKUP($E88,$C$5:$C$681,$B$5:$B$681,0),1),3),IF(OR(Ops!$L$2:'Ops'!$L$11=J88),VLOOKUP(J88,Ops!$L$2:'Ops'!$M$11,2,FALSE),"000")),IF(OR(Ops!$L$2:'Ops'!$L$11=J88),VLOOKUP(J88,Ops!$L$2:'Ops'!$M$11,2,FALSE),"000")),2)} -> 78 | S88: Assert row 6 | Z88: =IF(O88="", "};", "0x"&O88&",") -> 0x06, | AA88: ="0x"&P88&"," -> 0x00, | AB88: ="0x"&Q88&"," -> 0x78,
A89: =A88+3 -> 273 | B89: =DEC2HEX(A89) -> 111 | D89: BRNoKeyDet | E89: DSKY | K89: RowHold | O89: {=BIN2HEX(IF(I89<>"",VLOOKUP(I89,Ops!$I$2:'Ops'!$J$15,2,FALSE),IF(ISNUMBER(SEARCH("BR",D89)),"001","000"))&IF(D89<>"",VLOOKUP(D89,Ops!$B$2:'Ops'!$C$23,2,FALSE),"0")&_xlfn.IFS(ISNUMBER(SEARCH("BR",D89)),VLOOKUP(D89,Ops!$B$3:'Ops'!$D$22,3,FALSE),F89<>"",VLOOKUP(F89,Ops!$R$2:'Ops'!$S$11,2),L89<>"",VLOOKUP(L89,Ops!$R$2:'Ops'!$S$25,2,FALSE),TRUE,"0000"),2)} -> 3B | P89: =RIGHT(IF($E89<>"",_xlfn.XLOOKUP($E89,$C$4:$C$681,$B$4:$B$681,"NO LABEL"),BIN2HEX(IF(N89="CarryEn","1","0")&IF(M89="SubXY","1","0")&IF(H89<>"",VLOOKUP(H89,Ops!$F$2:'Ops'!$G$20,2,FALSE),"000000"),2)),2) -> 60 | Q89: {=BIN2HEX(_xlfn.IFS(D89="HWINTEN","10",G89="KeyAck","01",G89="InitLp8","01",TRUE,"00")&IF(OR(Ops!$O$2:'Ops'!$O$13=K89),VLOOKUP(K89,Ops!$O$2:'Ops'!$P$13,2,FALSE),"000")&IF(E89<>"",IF(LEN(_xlfn.XLOOKUP($E89,$C$5:$C$681,$B$5:$B$681,0))=3,HEX2BIN(LEFT(_xlfn.XLOOKUP($E89,$C$5:$C$681,$B$5:$B$681,0),1),3),IF(OR(Ops!$L$2:'Ops'!$L$11=J89),VLOOKUP(J89,Ops!$L$2:'Ops'!$M$11,2,FALSE),"000")),IF(OR(Ops!$L$2:'Ops'!$L$11=J89),VLOOKUP(J89,Ops!$L$2:'Ops'!$M$11,2,FALSE),"000")),2)} -> 38 | S89: If no key was detected loop back up to top. | Z89: =IF(O89="", "};", "0x"&O89&",") -> 0x3B, | AA89: ="0x"&P89&"," -> 0x60, | AB89: ="0x"&Q89&"," -> 0x38,
A90: =A89+3 -> 276 | B90: =DEC2HEX(A90) -> 114 | D90: JMP | E90: KEYREL | K90: RowHold | O90: {=BIN2HEX(IF(I90<>"",VLOOKUP(I90,Ops!$I$2:'Ops'!$J$15,2,FALSE),IF(ISNUMBER(SEARCH("BR",D90)),"001","000"))&IF(D90<>"",VLOOKUP(D90,Ops!$B$2:'Ops'!$C$23,2,FALSE),"0")&_xlfn.IFS(ISNUMBER(SEARCH("BR",D90)),VLOOKUP(D90,Ops!$B$3:'Ops'!$D$22,3,FALSE),F90<>"",VLOOKUP(F90,Ops!$R$2:'Ops'!$S$11,2),L90<>"",VLOOKUP(L90,Ops!$R$2:'Ops'!$S$25,2,FALSE),TRUE,"0000"),2)} -> 10 | P90: =RIGHT(IF($E90<>"",_xlfn.XLOOKUP($E90,$C$4:$C$681,$B$4:$B$681,"NO LABEL"),BIN2HEX(IF(N90="CarryEn","1","0")&IF(M90="SubXY","1","0")&IF(H90<>"",VLOOKUP(H90,Ops!$F$2:'Ops'!$G$20,2,FALSE),"000000"),2)),2) -> 17 | Q90: {=BIN2HEX(_xlfn.IFS(D90="HWINTEN","10",G90="KeyAck","01",G90="InitLp8","01",TRUE,"00")&IF(OR(Ops!$O$2:'Ops'!$O$13=K90),VLOOKUP(K90,Ops!$O$2:'Ops'!$P$13,2,FALSE),"000")&IF(E90<>"",IF(LEN(_xlfn.XLOOKUP($E90,$C$5:$C$681,$B$5:$B$681,0))=3,HEX2BIN(LEFT(_xlfn.XLOOKUP($E90,$C$5:$C$681,$B$5:$B$681,0),1),3),IF(OR(Ops!$L$2:'Ops'!$L$11=J90),VLOOKUP(J90,Ops!$L$2:'Ops'!$M$11,2,FALSE),"000")),IF(OR(Ops!$L$2:'Ops'!$L$11=J90),VLOOKUP(J90,Ops!$L$2:'Ops'!$M$11,2,FALSE),"000")),2)} -> 39 | Z90: =IF(O90="", "};", "0x"&O90&",") -> 0x10, | AA90: ="0x"&P90&"," -> 0x17, | AB90: ="0x"&Q90&"," -> 0x39,
A91: =A90+3 -> 279 | B91: =DEC2HEX(A91) -> 117 | C91: KEYREL | D91: BRNoKeyDet | E91: DSKY | K91: RowHold | O91: {=BIN2HEX(IF(I91<>"",VLOOKUP(I91,Ops!$I$2:'Ops'!$J$15,2,FALSE),IF(ISNUMBER(SEARCH("BR",D91)),"001","000"))&IF(D91<>"",VLOOKUP(D91,Ops!$B$2:'Ops'!$C$23,2,FALSE),"0")&_xlfn.IFS(ISNUMBER(SEARCH("BR",D91)),VLOOKUP(D91,Ops!$B$3:'Ops'!$D$22,3,FALSE),F91<>"",VLOOKUP(F91,Ops!$R$2:'Ops'!$S$11,2),L91<>"",VLOOKUP(L91,Ops!$R$2:'Ops'!$S$25,2,FALSE),TRUE,"0000"),2)} -> 3B | P91: =RIGHT(IF($E91<>"",_xlfn.XLOOKUP($E91,$C$4:$C$681,$B$4:$B$681,"NO LABEL"),BIN2HEX(IF(N91="CarryEn","1","0")&IF(M91="SubXY","1","0")&IF(H91<>"",VLOOKUP(H91,Ops!$F$2:'Ops'!$G$20,2,FALSE),"000000"),2)),2) -> 60 | Q91: {=BIN2HEX(_xlfn.IFS(D91="HWINTEN","10",G91="KeyAck","01",G91="InitLp8","01",TRUE,"00")&IF(OR(Ops!$O$2:'Ops'!$O$13=K91),VLOOKUP(K91,Ops!$O$2:'Ops'!$P$13,2,FALSE),"000")&IF(E91<>"",IF(LEN(_xlfn.XLOOKUP($E91,$C$5:$C$681,$B$5:$B$681,0))=3,HEX2BIN(LEFT(_xlfn.XLOOKUP($E91,$C$5:$C$681,$B$5:$B$681,0),1),3),IF(OR(Ops!$L$2:'Ops'!$L$11=J91),VLOOKUP(J91,Ops!$L$2:'Ops'!$M$11,2,FALSE),"000")),IF(OR(Ops!$L$2:'Ops'!$L$11=J91),VLOOKUP(J91,Ops!$L$2:'Ops'!$M$11,2,FALSE),"000")),2)} -> 38 | S91: If no key detected go back to top of loop | Z91: =IF(O91="", "};", "0x"&O91&",") -> 0x3B, | AA91: ="0x"&P91&"," -> 0x60, | AB91: ="0x"&Q91&"," -> 0x38,
A92: =A91+3 -> 282 | B92: =DEC2HEX(A92) -> 11A | D92: JMP | E92: KEYREL | K92: RowHold | O92: {=BIN2HEX(IF(I92<>"",VLOOKUP(I92,Ops!$I$2:'Ops'!$J$15,2,FALSE),IF(ISNUMBER(SEARCH("BR",D92)),"001","000"))&IF(D92<>"",VLOOKUP(D92,Ops!$B$2:'Ops'!$C$23,2,FALSE),"0")&_xlfn.IFS(ISNUMBER(SEARCH("BR",D92)),VLOOKUP(D92,Ops!$B$3:'Ops'!$D$22,3,FALSE),F92<>"",VLOOKUP(F92,Ops!$R$2:'Ops'!$S$11,2),L92<>"",VLOOKUP(L92,Ops!$R$2:'Ops'!$S$25,2,FALSE),TRUE,"0000"),2)} -> 10 | P92: =RIGHT(IF($E92<>"",_xlfn.XLOOKUP($E92,$C$4:$C$681,$B$4:$B$681,"NO LABEL"),BIN2HEX(IF(N92="CarryEn","1","0")&IF(M92="SubXY","1","0")&IF(H92<>"",VLOOKUP(H92,Ops!$F$2:'Ops'!$G$20,2,FALSE),"000000"),2)),2) -> 17 | Q92: {=BIN2HEX(_xlfn.IFS(D92="HWINTEN","10",G92="KeyAck","01",G92="InitLp8","01",TRUE,"00")&IF(OR(Ops!$O$2:'Ops'!$O$13=K92),VLOOKUP(K92,Ops!$O$2:'Ops'!$P$13,2,FALSE),"000")&IF(E92<>"",IF(LEN(_xlfn.XLOOKUP($E92,$C$5:$C$681,$B$5:$B$681,0))=3,HEX2BIN(LEFT(_xlfn.XLOOKUP($E92,$C$5:$C$681,$B$5:$B$681,0),1),3),IF(OR(Ops!$L$2:'Ops'!$L$11=J92),VLOOKUP(J92,Ops!$L$2:'Ops'!$M$11,2,FALSE),"000")),IF(OR(Ops!$L$2:'Ops'!$L$11=J92),VLOOKUP(J92,Ops!$L$2:'Ops'!$M$11,2,FALSE),"000")),2)} -> 39 | S92: Loop here until key is released | Z92: =IF(O92="", "};", "0x"&O92&",") -> 0x10, | AA92: ="0x"&P92&"," -> 0x17, | AB92: ="0x"&Q92&"," -> 0x39,
A93: =A92+3 -> 285 | B93: =DEC2HEX(A93) -> 11D | C93: ZERO | D93: BRDigEmpty | E93: FIRSTDIGITZ | O93: {=BIN2HEX(IF(I93<>"",VLOOKUP(I93,Ops!$I$2:'Ops'!$J$15,2,FALSE),IF(ISNUMBER(SEARCH("BR",D93)),"001","000"))&IF(D93<>"",VLOOKUP(D93,Ops!$B$2:'Ops'!$C$23,2,FALSE),"0")&_xlfn.IFS(ISNUMBER(SEARCH("BR",D93)),VLOOKUP(D93,Ops!$B$3:'Ops'!$D$22,3,FALSE),F93<>"",VLOOKUP(F93,Ops!$R$2:'Ops'!$S$11,2),L93<>"",VLOOKUP(L93,Ops!$R$2:'Ops'!$S$25,2,FALSE),TRUE,"0000"),2)} -> 32 | P93: =RIGHT(IF($E93<>"",_xlfn.XLOOKUP($E93,$C$4:$C$681,$B$4:$B$681,"NO LABEL"),BIN2HEX(IF(N93="CarryEn","1","0")&IF(M93="SubXY","1","0")&IF(H93<>"",VLOOKUP(H93,Ops!$F$2:'Ops'!$G$20,2,FALSE),"000000"),2)),2) -> 26 | Q93: {=BIN2HEX(_xlfn.IFS(D93="HWINTEN","10",G93="KeyAck","01",G93="InitLp8","01",TRUE,"00")&IF(OR(Ops!$O$2:'Ops'!$O$13=K93),VLOOKUP(K93,Ops!$O$2:'Ops'!$P$13,2,FALSE),"000")&IF(E93<>"",IF(LEN(_xlfn.XLOOKUP($E93,$C$5:$C$681,$B$5:$B$681,0))=3,HEX2BIN(LEFT(_xlfn.XLOOKUP($E93,$C$5:$C$681,$B$5:$B$681,0),1),3),IF(OR(Ops!$L$2:'Ops'!$L$11=J93),VLOOKUP(J93,Ops!$L$2:'Ops'!$M$11,2,FALSE),"000")),IF(OR(Ops!$L$2:'Ops'!$L$11=J93),VLOOKUP(J93,Ops!$L$2:'Ops'!$M$11,2,FALSE),"000")),2)} -> 01 | S93: Test for zero as first key press | Z93: =IF(O93="", "};", "0x"&O93&",") -> 0x32, | AA93: ="0x"&P93&"," -> 0x26, | AB93: ="0x"&Q93&"," -> 0x01,
A94: =A93+3 -> 288 | B94: =DEC2HEX(A94) -> 120 | D94: BRDigFull | E94: SETDIGOVRF1 | O94: {=BIN2HEX(IF(I94<>"",VLOOKUP(I94,Ops!$I$2:'Ops'!$J$15,2,FALSE),IF(ISNUMBER(SEARCH("BR",D94)),"001","000"))&IF(D94<>"",VLOOKUP(D94,Ops!$B$2:'Ops'!$C$23,2,FALSE),"0")&_xlfn.IFS(ISNUMBER(SEARCH("BR",D94)),VLOOKUP(D94,Ops!$B$3:'Ops'!$D$22,3,FALSE),F94<>"",VLOOKUP(F94,Ops!$R$2:'Ops'!$S$11,2),L94<>"",VLOOKUP(L94,Ops!$R$2:'Ops'!$S$25,2,FALSE),TRUE,"0000"),2)} -> 31 | P94: =RIGHT(IF($E94<>"",_xlfn.XLOOKUP($E94,$C$4:$C$681,$B$4:$B$681,"NO LABEL"),BIN2HEX(IF(N94="CarryEn","1","0")&IF(M94="SubXY","1","0")&IF(H94<>"",VLOOKUP(H94,Ops!$F$2:'Ops'!$G$20,2,FALSE),"000000"),2)),2) -> 35 | Q94: {=BIN2HEX(_xlfn.IFS(D94="HWINTEN","10",G94="KeyAck","01",G94="InitLp8","01",TRUE,"00")&IF(OR(Ops!$O$2:'Ops'!$O$13=K94),VLOOKUP(K94,Ops!$O$2:'Ops'!$P$13,2,FALSE),"000")&IF(E94<>"",IF(LEN(_xlfn.XLOOKUP($E94,$C$5:$C$681,$B$5:$B$681,0))=3,HEX2BIN(LEFT(_xlfn.XLOOKUP($E94,$C$5:$C$681,$B$5:$B$681,0),1),3),IF(OR(Ops!$L$2:'Ops'!$L$11=J94),VLOOKUP(J94,Ops!$L$2:'Ops'!$M$11,2,FALSE),"000")),IF(OR(Ops!$L$2:'Ops'!$L$11=J94),VLOOKUP(J94,Ops!$L$2:'Ops'!$M$11,2,FALSE),"000")),2)} -> 01 | S94: Test for input overflow | Z94: =IF(O94="", "};", "0x"&O94&",") -> 0x31, | AA94: ="0x"&P94&"," -> 0x35, | AB94: ="0x"&Q94&"," -> 0x01,
A95: =A94+3 -> 291 | B95: =DEC2HEX(A95) -> 123 | D95: JMP | E95: CONTENTZERO | O95: {=BIN2HEX(IF(I95<>"",VLOOKUP(I95,Ops!$I$2:'Ops'!$J$15,2,FALSE),IF(ISNUMBER(SEARCH("BR",D95)),"001","000"))&IF(D95<>"",VLOOKUP(D95,Ops!$B$2:'Ops'!$C$23,2,FALSE),"0")&_xlfn.IFS(ISNUMBER(SEARCH("BR",D95)),VLOOKUP(D95,Ops!$B$3:'Ops'!$D$22,3,FALSE),F95<>"",VLOOKUP(F95,Ops!$R$2:'Ops'!$S$11,2),L95<>"",VLOOKUP(L95,Ops!$R$2:'Ops'!$S$25,2,FALSE),TRUE,"0000"),2)} -> 10 | P95: =RIGHT(IF($E95<>"",_xlfn.XLOOKUP($E95,$C$4:$C$681,$B$4:$B$681,"NO LABEL"),BIN2HEX(IF(N95="CarryEn","1","0")&IF(M95="SubXY","1","0")&IF(H95<>"",VLOOKUP(H95,Ops!$F$2:'Ops'!$G$20,2,FALSE),"000000"),2)),2) -> 3B | Q95: {=BIN2HEX(_xlfn.IFS(D95="HWINTEN","10",G95="KeyAck","01",G95="InitLp8","01",TRUE,"00")&IF(OR(Ops!$O$2:'Ops'!$O$13=K95),VLOOKUP(K95,Ops!$O$2:'Ops'!$P$13,2,FALSE),"000")&IF(E95<>"",IF(LEN(_xlfn.XLOOKUP($E95,$C$5:$C$681,$B$5:$B$681,0))=3,HEX2BIN(LEFT(_xlfn.XLOOKUP($E95,$C$5:$C$681,$B$5:$B$681,0),1),3),IF(OR(Ops!$L$2:'Ops'!$L$11=J95),VLOOKUP(J95,Ops!$L$2:'Ops'!$M$11,2,FALSE),"000")),IF(OR(Ops!$L$2:'Ops'!$L$11=J95),VLOOKUP(J95,Ops!$L$2:'Ops'!$M$11,2,FALSE),"000")),2)} -> 01 | S95: Jump to process all other zero cases | Z95: =IF(O95="", "};", "0x"&O95&",") -> 0x10, | AA95: ="0x"&P95&"," -> 0x3B, | AB95: ="0x"&Q95&"," -> 0x01,
A96: =A95+3 -> 294 | B96: =DEC2HEX(A96) -> 126 | C96: FIRSTDIGITZ | G96: InitLp8 | O96: {=BIN2HEX(IF(I96<>"",VLOOKUP(I96,Ops!$I$2:'Ops'!$J$15,2,FALSE),IF(ISNUMBER(SEARCH("BR",D96)),"001","000"))&IF(D96<>"",VLOOKUP(D96,Ops!$B$2:'Ops'!$C$23,2,FALSE),"0")&_xlfn.IFS(ISNUMBER(SEARCH("BR",D96)),VLOOKUP(D96,Ops!$B$3:'Ops'!$D$22,3,FALSE),F96<>"",VLOOKUP(F96,Ops!$R$2:'Ops'!$S$11,2),L96<>"",VLOOKUP(L96,Ops!$R$2:'Ops'!$S$25,2,FALSE),TRUE,"0000"),2)} -> 00 | P96: =RIGHT(IF($E96<>"",_xlfn.XLOOKUP($E96,$C$4:$C$681,$B$4:$B$681,"NO LABEL"),BIN2HEX(IF(N96="CarryEn","1","0")&IF(M96="SubXY","1","0")&IF(H96<>"",VLOOKUP(H96,Ops!$F$2:'Ops'!$G$20,2,FALSE),"000000"),2)),2) -> 00 | Q96: {=BIN2HEX(_xlfn.IFS(D96="HWINTEN","10",G96="KeyAck","01",G96="InitLp8","01",TRUE,"00")&IF(OR(Ops!$O$2:'Ops'!$O$13=K96),VLOOKUP(K96,Ops!$O$2:'Ops'!$P$13,2,FALSE),"000")&IF(E96<>"",IF(LEN(_xlfn.XLOOKUP($E96,$C$5:$C$681,$B$5:$B$681,0))=3,HEX2BIN(LEFT(_xlfn.XLOOKUP($E96,$C$5:$C$681,$B$5:$B$681,0),1),3),IF(OR(Ops!$L$2:'Ops'!$L$11=J96),VLOOKUP(J96,Ops!$L$2:'Ops'!$M$11,2,FALSE),"000")),IF(OR(Ops!$L$2:'Ops'!$L$11=J96),VLOOKUP(J96,Ops!$L$2:'Ops'!$M$11,2,FALSE),"000")),2)} -> 40 | S96: Enter 0 and blanking characters to initial Xreg for 0 as first key | Z96: =IF(O96="", "};", "0x"&O96&",") -> 0x00, | AA96: ="0x"&P96&"," -> 0x00, | AB96: ="0x"&Q96&"," -> 0x40,
A97: =A96+3 -> 297 | B97: =DEC2HEX(A97) -> 129 | C97: FILLXREGF | H97: EntNumX | I97: SelXData | L97: BlankNum | O97: {=BIN2HEX(IF(I97<>"",VLOOKUP(I97,Ops!$I$2:'Ops'!$J$15,2,FALSE),IF(ISNUMBER(SEARCH("BR",D97)),"001","000"))&IF(D97<>"",VLOOKUP(D97,Ops!$B$2:'Ops'!$C$23,2,FALSE),"0")&_xlfn.IFS(ISNUMBER(SEARCH("BR",D97)),VLOOKUP(D97,Ops!$B$3:'Ops'!$D$22,3,FALSE),F97<>"",VLOOKUP(F97,Ops!$R$2:'Ops'!$S$11,2),L97<>"",VLOOKUP(L97,Ops!$R$2:'Ops'!$S$25,2,FALSE),TRUE,"0000"),2)} -> 0F | P97: =RIGHT(IF($E97<>"",_xlfn.XLOOKUP($E97,$C$4:$C$681,$B$4:$B$681,"NO LABEL"),BIN2HEX(IF(N97="CarryEn","1","0")&IF(M97="SubXY","1","0")&IF(H97<>"",VLOOKUP(H97,Ops!$F$2:'Ops'!$G$20,2,FALSE),"000000"),2)),2) -> 02 | Q97: {=BIN2HEX(_xlfn.IFS(D97="HWINTEN","10",G97="KeyAck","01",G97="InitLp8","01",TRUE,"00")&IF(OR(Ops!$O$2:'Ops'!$O$13=K97),VLOOKUP(K97,Ops!$O$2:'Ops'!$P$13,2,FALSE),"000")&IF(E97<>"",IF(LEN(_xlfn.XLOOKUP($E97,$C$5:$C$681,$B$5:$B$681,0))=3,HEX2BIN(LEFT(_xlfn.XLOOKUP($E97,$C$5:$C$681,$B$5:$B$681,0),1),3),IF(OR(Ops!$L$2:'Ops'!$L$11=J97),VLOOKUP(J97,Ops!$L$2:'Ops'!$M$11,2,FALSE),"000")),IF(OR(Ops!$L$2:'Ops'!$L$11=J97),VLOOKUP(J97,Ops!$L$2:'Ops'!$M$11,2,FALSE),"000")),2)} -> 00 | Z97: =IF(O97="", "};", "0x"&O97&",") -> 0x0F, | AA97: ="0x"&P97&"," -> 0x02, | AB97: ="0x"&Q97&"," -> 0x00,
A98: =A97+3 -> 300 | B98: =DEC2HEX(A98) -> 12C | D98: BRLoop8NZ | E98: FILLXREGF | O98: {=BIN2HEX(IF(I98<>"",VLOOKUP(I98,Ops!$I$2:'Ops'!$J$15,2,FALSE),IF(ISNUMBER(SEARCH("BR",D98)),"001","000"))&IF(D98<>"",VLOOKUP(D98,Ops!$B$2:'Ops'!$C$23,2,FALSE),"0")&_xlfn.IFS(ISNUMBER(SEARCH("BR",D98)),VLOOKUP(D98,Ops!$B$3:'Ops'!$D$22,3,FALSE),F98<>"",VLOOKUP(F98,Ops!$R$2:'Ops'!$S$11,2),L98<>"",VLOOKUP(L98,Ops!$R$2:'Ops'!$S$25,2,FALSE),TRUE,"0000"),2)} -> 3F | P98: =RIGHT(IF($E98<>"",_xlfn.XLOOKUP($E98,$C$4:$C$681,$B$4:$B$681,"NO LABEL"),BIN2HEX(IF(N98="CarryEn","1","0")&IF(M98="SubXY","1","0")&IF(H98<>"",VLOOKUP(H98,Ops!$F$2:'Ops'!$G$20,2,FALSE),"000000"),2)),2) -> 29 | Q98: {=BIN2HEX(_xlfn.IFS(D98="HWINTEN","10",G98="KeyAck","01",G98="InitLp8","01",TRUE,"00")&IF(OR(Ops!$O$2:'Ops'!$O$13=K98),VLOOKUP(K98,Ops!$O$2:'Ops'!$P$13,2,FALSE),"000")&IF(E98<>"",IF(LEN(_xlfn.XLOOKUP($E98,$C$5:$C$681,$B$5:$B$681,0))=3,HEX2BIN(LEFT(_xlfn.XLOOKUP($E98,$C$5:$C$681,$B$5:$B$681,0),1),3),IF(OR(Ops!$L$2:'Ops'!$L$11=J98),VLOOKUP(J98,Ops!$L$2:'Ops'!$M$11,2,FALSE),"000")),IF(OR(Ops!$L$2:'Ops'!$L$11=J98),VLOOKUP(J98,Ops!$L$2:'Ops'!$M$11,2,FALSE),"000")),2)} -> 01 | Z98: =IF(O98="", "};", "0x"&O98&",") -> 0x3F, | AA98: ="0x"&P98&"," -> 0x29, | AB98: ="0x"&Q98&"," -> 0x01,
A99: =A98+3 -> 303 | B99: =DEC2HEX(A99) -> 12F | H99: EntNumX | I99: SelXData | L99: 0 | O99: {=BIN2HEX(IF(I99<>"",VLOOKUP(I99,Ops!$I$2:'Ops'!$J$15,2,FALSE),IF(ISNUMBER(SEARCH("BR",D99)),"001","000"))&IF(D99<>"",VLOOKUP(D99,Ops!$B$2:'Ops'!$C$23,2,FALSE),"0")&_xlfn.IFS(ISNUMBER(SEARCH("BR",D99)),VLOOKUP(D99,Ops!$B$3:'Ops'!$D$22,3,FALSE),F99<>"",VLOOKUP(F99,Ops!$R$2:'Ops'!$S$11,2),L99<>"",VLOOKUP(L99,Ops!$R$2:'Ops'!$S$25,2,FALSE),TRUE,"0000"),2)} -> 00 | P99: =RIGHT(IF($E99<>"",_xlfn.XLOOKUP($E99,$C$4:$C$681,$B$4:$B$681,"NO LABEL"),BIN2HEX(IF(N99="CarryEn","1","0")&IF(M99="SubXY","1","0")&IF(H99<>"",VLOOKUP(H99,Ops!$F$2:'Ops'!$G$20,2,FALSE),"000000"),2)),2) -> 02 | Q99: {=BIN2HEX(_xlfn.IFS(D99="HWINTEN","10",G99="KeyAck","01",G99="InitLp8","01",TRUE,"00")&IF(OR(Ops!$O$2:'Ops'!$O$13=K99),VLOOKUP(K99,Ops!$O$2:'Ops'!$P$13,2,FALSE),"000")&IF(E99<>"",IF(LEN(_xlfn.XLOOKUP($E99,$C$5:$C$681,$B$5:$B$681,0))=3,HEX2BIN(LEFT(_xlfn.XLOOKUP($E99,$C$5:$C$681,$B$5:$B$681,0),1),3),IF(OR(Ops!$L$2:'Ops'!$L$11=J99),VLOOKUP(J99,Ops!$L$2:'Ops'!$M$11,2,FALSE),"000")),IF(OR(Ops!$L$2:'Ops'!$L$11=J99),VLOOKUP(J99,Ops!$L$2:'Ops'!$M$11,2,FALSE),"000")),2)} -> 00 | Z99: =IF(O99="", "};", "0x"&O99&",") -> 0x00, | AA99: ="0x"&P99&"," -> 0x02, | AB99: ="0x"&Q99&"," -> 0x00,
A100: =A99+3 -> 306 | B100: =DEC2HEX(A100) -> 132 | D100: JMP | E100: DSKY | O100: {=BIN2HEX(IF(I100<>"",VLOOKUP(I100,Ops!$I$2:'Ops'!$J$15,2,FALSE),IF(ISNUMBER(SEARCH("BR",D100)),"001","000"))&IF(D100<>"",VLOOKUP(D100,Ops!$B$2:'Ops'!$C$23,2,FALSE),"0")&_xlfn.IFS(ISNUMBER(SEARCH("BR",D100)),VLOOKUP(D100,Ops!$B$3:'Ops'!$D$22,3,FALSE),F100<>"",VLOOKUP(F100,Ops!$R$2:'Ops'!$S$11,2),L100<>"",VLOOKUP(L100,Ops!$R$2:'Ops'!$S$25,2,FALSE),TRUE,"0000"),2)} -> 10 | P100: =RIGHT(IF($E100<>"",_xlfn.XLOOKUP($E100,$C$4:$C$681,$B$4:$B$681,"NO LABEL"),BIN2HEX(IF(N100="CarryEn","1","0")&IF(M100="SubXY","1","0")&IF(H100<>"",VLOOKUP(H100,Ops!$F$2:'Ops'!$G$20,2,FALSE),"000000"),2)),2) -> 60 | Q100: {=BIN2HEX(_xlfn.IFS(D100="HWINTEN","10",G100="KeyAck","01",G100="InitLp8","01",TRUE,"00")&IF(OR(Ops!$O$2:'Ops'!$O$13=K100),VLOOKUP(K100,Ops!$O$2:'Ops'!$P$13,2,FALSE),"000")&IF(E100<>"",IF(LEN(_xlfn.XLOOKUP($E100,$C$5:$C$681,$B$5:$B$681,0))=3,HEX2BIN(LEFT(_xlfn.XLOOKUP($E100,$C$5:$C$681,$B$5:$B$681,0),1),3),IF(OR(Ops!$L$2:'Ops'!$L$11=J100),VLOOKUP(J100,Ops!$L$2:'Ops'!$M$11,2,FALSE),"000")),IF(OR(Ops!$L$2:'Ops'!$L$11=J100),VLOOKUP(J100,Ops!$L$2:'Ops'!$M$11,2,FALSE),"000")),2)} -> 00 | Z100: =IF(O100="", "};", "0x"&O100&",") -> 0x10, | AA100: ="0x"&P100&"," -> 0x60, | AB100: ="0x"&Q100&"," -> 0x00,
A101: =A100+3 -> 309 | B101: =DEC2HEX(A101) -> 135 | C101: SETDIGOVRF1 | J101: StatBitEn | K101: StatBit1 | L101: AssertError | O101: {=BIN2HEX(IF(I101<>"",VLOOKUP(I101,Ops!$I$2:'Ops'!$J$15,2,FALSE),IF(ISNUMBER(SEARCH("BR",D101)),"001","000"))&IF(D101<>"",VLOOKUP(D101,Ops!$B$2:'Ops'!$C$23,2,FALSE),"0")&_xlfn.IFS(ISNUMBER(SEARCH("BR",D101)),VLOOKUP(D101,Ops!$B$3:'Ops'!$D$22,3,FALSE),F101<>"",VLOOKUP(F101,Ops!$R$2:'Ops'!$S$11,2),L101<>"",VLOOKUP(L101,Ops!$R$2:'Ops'!$S$25,2,FALSE),TRUE,"0000"),2)} -> 06 | P101: =RIGHT(IF($E101<>"",_xlfn.XLOOKUP($E101,$C$4:$C$681,$B$4:$B$681,"NO LABEL"),BIN2HEX(IF(N101="CarryEn","1","0")&IF(M101="SubXY","1","0")&IF(H101<>"",VLOOKUP(H101,Ops!$F$2:'Ops'!$G$20,2,FALSE),"000000"),2)),2) -> 00 | Q101: {=BIN2HEX(_xlfn.IFS(D101="HWINTEN","10",G101="KeyAck","01",G101="InitLp8","01",TRUE,"00")&IF(OR(Ops!$O$2:'Ops'!$O$13=K101),VLOOKUP(K101,Ops!$O$2:'Ops'!$P$13,2,FALSE),"000")&IF(E101<>"",IF(LEN(_xlfn.XLOOKUP($E101,$C$5:$C$681,$B$5:$B$681,0))=3,HEX2BIN(LEFT(_xlfn.XLOOKUP($E101,$C$5:$C$681,$B$5:$B$681,0),1),3),IF(OR(Ops!$L$2:'Ops'!$L$11=J101),VLOOKUP(J101,Ops!$L$2:'Ops'!$M$11,2,FALSE),"000")),IF(OR(Ops!$L$2:'Ops'!$L$11=J101),VLOOKUP(J101,Ops!$L$2:'Ops'!$M$11,2,FALSE),"000")),2)} -> 1B | S101: Input overflow, assert error and exit | Z101: =IF(O101="", "};", "0x"&O101&",") -> 0x06, | AA101: ="0x"&P101&"," -> 0x00, | AB101: ="0x"&Q101&"," -> 0x1B,
A102: =A101+3 -> 312 | B102: =DEC2HEX(A102) -> 138 | D102: JMP | E102: DSKY | O102: {=BIN2HEX(IF(I102<>"",VLOOKUP(I102,Ops!$I$2:'Ops'!$J$15,2,FALSE),IF(ISNUMBER(SEARCH("BR",D102)),"001","000"))&IF(D102<>"",VLOOKUP(D102,Ops!$B$2:'Ops'!$C$23,2,FALSE),"0")&_xlfn.IFS(ISNUMBER(SEARCH("BR",D102)),VLOOKUP(D102,Ops!$B$3:'Ops'!$D$22,3,FALSE),F102<>"",VLOOKUP(F102,Ops!$R$2:'Ops'!$S$11,2),L102<>"",VLOOKUP(L102,Ops!$R$2:'Ops'!$S$25,2,FALSE),TRUE,"0000"),2)} -> 10 | P102: =RIGHT(IF($E102<>"",_xlfn.XLOOKUP($E102,$C$4:$C$681,$B$4:$B$681,"NO LABEL"),BIN2HEX(IF(N102="CarryEn","1","0")&IF(M102="SubXY","1","0")&IF(H102<>"",VLOOKUP(H102,Ops!$F$2:'Ops'!$G$20,2,FALSE),"000000"),2)),2) -> 60 | Q102: {=BIN2HEX(_xlfn.IFS(D102="HWINTEN","10",G102="KeyAck","01",G102="InitLp8","01",TRUE,"00")&IF(OR(Ops!$O$2:'Ops'!$O$13=K102),VLOOKUP(K102,Ops!$O$2:'Ops'!$P$13,2,FALSE),"000")&IF(E102<>"",IF(LEN(_xlfn.XLOOKUP($E102,$C$5:$C$681,$B$5:$B$681,0))=3,HEX2BIN(LEFT(_xlfn.XLOOKUP($E102,$C$5:$C$681,$B$5:$B$681,0),1),3),IF(OR(Ops!$L$2:'Ops'!$L$11=J102),VLOOKUP(J102,Ops!$L$2:'Ops'!$M$11,2,FALSE),"000")),IF(OR(Ops!$L$2:'Ops'!$L$11=J102),VLOOKUP(J102,Ops!$L$2:'Ops'!$M$11,2,FALSE),"000")),2)} -> 00 | Z102: =IF(O102="", "};", "0x"&O102&",") -> 0x10, | AA102: ="0x"&P102&"," -> 0x60, | AB102: ="0x"&Q102&"," -> 0x00,
A103: =A102+3 -> 315 | B103: =DEC2HEX(A103) -> 13B | C103: CONTENTZERO | H103: EntNumX | I103: SelXData | L103: 0 | O103: {=BIN2HEX(IF(I103<>"",VLOOKUP(I103,Ops!$I$2:'Ops'!$J$15,2,FALSE),IF(ISNUMBER(SEARCH("BR",D103)),"001","000"))&IF(D103<>"",VLOOKUP(D103,Ops!$B$2:'Ops'!$C$23,2,FALSE),"0")&_xlfn.IFS(ISNUMBER(SEARCH("BR",D103)),VLOOKUP(D103,Ops!$B$3:'Ops'!$D$22,3,FALSE),F103<>"",VLOOKUP(F103,Ops!$R$2:'Ops'!$S$11,2),L103<>"",VLOOKUP(L103,Ops!$R$2:'Ops'!$S$25,2,FALSE),TRUE,"0000"),2)} -> 00 | P103: =RIGHT(IF($E103<>"",_xlfn.XLOOKUP($E103,$C$4:$C$681,$B$4:$B$681,"NO LABEL"),BIN2HEX(IF(N103="CarryEn","1","0")&IF(M103="SubXY","1","0")&IF(H103<>"",VLOOKUP(H103,Ops!$F$2:'Ops'!$G$20,2,FALSE),"000000"),2)),2) -> 02 | Q103: {=BIN2HEX(_xlfn.IFS(D103="HWINTEN","10",G103="KeyAck","01",G103="InitLp8","01",TRUE,"00")&IF(OR(Ops!$O$2:'Ops'!$O$13=K103),VLOOKUP(K103,Ops!$O$2:'Ops'!$P$13,2,FALSE),"000")&IF(E103<>"",IF(LEN(_xlfn.XLOOKUP($E103,$C$5:$C$681,$B$5:$B$681,0))=3,HEX2BIN(LEFT(_xlfn.XLOOKUP($E103,$C$5:$C$681,$B$5:$B$681,0),1),3),IF(OR(Ops!$L$2:'Ops'!$L$11=J103),VLOOKUP(J103,Ops!$L$2:'Ops'!$M$11,2,FALSE),"000")),IF(OR(Ops!$L$2:'Ops'!$L$11=J103),VLOOKUP(J103,Ops!$L$2:'Ops'!$M$11,2,FALSE),"000")),2)} -> 00 | S103: Enter the 0 | Z103: =IF(O103="", "};", "0x"&O103&",") -> 0x00, | AA103: ="0x"&P103&"," -> 0x02, | AB103: ="0x"&Q103&"," -> 0x00,
...
